text,label
что такое капитализация процентов,Вклады_и_инвестиции
"Ваши мастера побелили потолок, но краска легла с разводами. Теперь потолок выглядит хуже, чем до ремонта.",Качество_товара_или_услуги
"Роутер, который вы установили при подключении, постоянно теряет сигнал и перезагружается самостоятельно каждые несколько часов.",Качество_товара_или_услуги
"Это вобще не то что я заказывал!! качество отвратное, вернте деньги немедленно",Качество_товара_или_услуги
дивиденды по акциям,Вклады_и_инвестиции
"Обращаюсь с жалобой на качество монтажных работ. Батарею установили криво, она висит под углом и постоянно булькает.",Качество_товара_или_услуги
Качество оставляет желать лучшего,Качество_товара_или_услуги
"Несколько месяцев назад открыл у вас накопительный счёт и подключил автоматическое пополнение с зарплатной карты — по 20 000 рублей в месяц. Всё работало исправно, но в этом месяце автопополнение не прошло. Деньги на карте были. Где они теперь? Как восстановить автоматический перевод?",Вклады_и_инвестиции
"Система автопополнения списала деньги, хотя я отключал её в настройках. Прошу вернуть средства и убрать подписку.",Гейминг_и_донат
Могу ли я использовать средства материнского капитала как первоначальный взнос по ипотеке?,Кредиты_и_ипотеки
Пропали все предметы,Гейминг_и_донат
"Объясните пожалуйста разницу между аннуитетным и дифференцированным платежом, что выгоднее при досрочном погашении?",Кредиты_и_ипотеки
Получил куртку с оторванной пуговицей и расходящимся швом на рукаве. Явный брак при пошиве.,Качество_товара_или_услуги
"Случайно удалил письмо с кодом восстановления аккаунта до того, как успел его использовать. Можно ли выслать новый код?",Гейминг_и_донат
НЕ МОГУ ВОЙТИ УЖЕ 2 ДНЯ пишет что аккаунт не найден но я точно правильно ввожу все данные помогите пожалуйста,Гейминг_и_донат
"Здравствуйте. Описываю проблему максимально подробно. В рамках события 'Зимний фестиваль' нужно было выполнить 10 заданий для получения эксклюзивного персонажа. Я выполнил все задания, скриншоты прилагаю. Система отображала прогресс корректно. Однако в последний день события при попытке забрать награду появилась ошибка, а затем ивент завершился и весь прогресс обнулился. Персонаж выдан не был. Прошу начислить его вручную, так как все условия были выполнены.",Гейминг_и_донат
"Привет! Мы продвигаем молодого исполнителя в жанре инди-поп. Ищем площадки, где можно рассказать о нашем артисте. Интересует как платное размещение, так и возможный бартер — концертные билеты, мерч, эксклюзивный контент для вашей аудитории. Артист уже выступал на нескольких крупных фестивалях и набирает обороты. Думаем, вашим читателям он будет интересен. Можно пообщаться с кем-то из редакции?",Сотрудничество_и_реклама
"Короч сидел играл, всё норм было, потом игра обновилась и всё — чёрный экран при запуске. Дрова переустановил, директ обновил, ничего не помогает. Помогите пожалуйста, очень хочу играть.",Гейминг_и_донат
"Купила блеск для губ, он облупляется через час. При такой цене ожидала стойкость хотя бы на три-четыре часа.",Качество_товара_или_услуги
"Здравствуйте. Мы небольшой местный ресторан, хотим привлечь больше гостей. Слышали, что у вас можно разместить рекламу. Подскажите, есть ли геотаргетинг, то есть возможность показывать рекламу только жителям нашего района? Это для нас принципиально важно.",Сотрудничество_и_реклама
почему проценты меньше чем я ожидал,Вклады_и_инвестиции
"реф отклонили второй раз подряд, что за дела",Кредиты_и_ипотеки
"Добрый день! Представляю компанию по производству эксклюзивных корпоративных подарков. В преддверии праздников хотим запустить рекламу, ориентированную на руководителей компаний и HR-директоров. Пожалуйста, расскажите о возможностях таргетирования на данную аудиторию.",Сотрудничество_и_реклама
вклад или акции — что выбрать,Вклады_и_инвестиции
Обсудим партнёрство?,Сотрудничество_и_реклама
Наша компания специализируется на B2B-услугах. Хотим обсудить возможность совместного вебинара или онлайн-мероприятия.,Сотрудничество_и_реклама
"хочу рефить кредит, стоит ли сейчас или лучше подождать?",Кредиты_и_ипотеки
"При групповой игре с друзьями постоянно разрываются соединение именно между нами, хотя с рандомными игроками всё работает.",Гейминг_и_донат
Не работает звук,Гейминг_и_донат
"Скажите, будет ли возврат за купленный сезонный пропуск, если я его активировал, но ни разу не заходил в игру в этом сезоне?",Гейминг_и_донат
"Добрый день. Я маркетолог компании по аренде автомобилей. Хотим запустить серию рекламных публикаций перед летним сезоном путешествий. Нас интересуют разные форматы: от баннеров до нативных статей. Пожалуйста, свяжитесь с нами для обсуждения возможностей.",Сотрудничество_и_реклама
"Отец взял кредит и умер, теперь банк требует деньги с меня как с наследника. Это правомерно?",Кредиты_и_ипотеки
Сервис выполнен отвратительно,Качество_товара_или_услуги
"Уважаемый банк, я являюсь клиентом с 2015 года. В прошлом году, доверившись рекомендации вашего менеджера в отделении, я оформил инвестиционное страхование жизни на сумму 500 000 рублей сроком на 5 лет. Мне была обещана доходность выше банковского вклада. Сейчас прошёл год, я смотрю на результаты — доходность отрицательная, то есть мои деньги уменьшились. При этом досрочное расторжение договора влечёт серьёзные потери. Чувствую себя обманутым. Прошу предоставить полную документацию по продукту и разъяснить мои права в данной ситуации.",Вклады_и_инвестиции
Здравствуйте! Хочу разместить рекламу ветеринарной клиники. У нас широкий спектр услуг для домашних животных. Аудитория — владельцы кошек и собак. Есть ли у вас опыт работы с подобными проектами и каковы примерные бюджеты?,Сотрудничество_и_реклама
"Дочь хочет взять ипотеку, я готов выступить поручителем. Какие риски для меня?",Кредиты_и_ипотеки
"Купил игровой ноутбук, а он перегревается до 95 градусов в простых задачах. Это явно заводской дефект системы охлаждения.",Качество_товара_или_услуги
разница между вкладом и накопительным счётом,Вклады_и_инвестиции
"Мне нужна юридически грамотная консультация по следующему вопросу. Я приобрёл внутриигровые предметы на сумму более 15 000 рублей. Разработчик объявил о закрытии проекта через 30 дней. Обязан ли сервис вернуть средства за неиспользованные предметы? Если да, каков порядок подачи заявки на возврат?",Гейминг_и_донат
снизить процент по действующей ипотеке,Кредиты_и_ипотеки
"Здравствуйте, меня интересует реклама в вашем телеграм-канале. Я представляю компанию по недвижимости. Хотим разместить несколько рекламных постов. Напишите, пожалуйста, стоимость и условия.",Сотрудничество_и_реклама
"Хочу узнать как досрочно погасить заём через приложение, не нашёл нужного раздела.",Кредиты_и_ипотеки
Здравствуйте! Я дизайнер интерьеров с портфолио более 200 проектов. Хочу развивать личный бренд и привлекать новых клиентов через вашу платформу. Интересует публикация моих кейсов в формате визуальных историй с указанием контактов. Как это можно организовать?,Сотрудничество_и_реклама
"В игре появился платный контент, который раньше был доступен бесплатно. Это нечестно по отношению к старым игрокам.",Гейминг_и_донат
"Ребята, у меня подкаст про предпринимательство, слушают около 20к человек каждый выпуск. Хочу найти постоянного рекламного партнёра для упоминания в начале и конце эпизодов. Аудитория — действующие предприниматели и те, кто только начинает свой бизнес. Если ваш продукт для них — пишите, обсудим условия!",Сотрудничество_и_реклама
Здраствуйте хочу узнать про парнёрскую прогамму есть ли у вас такая и как подключиться,Сотрудничество_и_реклама
"При переходе на новое устройство все мои покупки оказались недоступны. Аккаунт тот же, но купленный контент не отображается.",Гейминг_и_донат
Качество ужасное,Качество_товара_или_услуги
вклад застрахован АСВ,Вклады_и_инвестиции
"В игровом магазине исчез набор, который я добавил в избранное. Хочу его приобрести, но теперь его нигде нет.",Гейминг_и_донат
"Я хочу вложить 200 000 рублей на 1 год. Сравниваю несколько вариантов: ваш вклад под 14,8%, ОФЗ с доходностью 15,2% и корпоративные облигации крупных компаний с доходностью 16,5%. Помогите понять реальную разницу с учётом налогообложения и рисков — что в итоге принесёт больше на руки?",Вклады_и_инвестиции
"Подскажите пожалуйста как восстановить доступ к старому аккаунту. Я играл под ником Иван И. примерно год назад, потом сделал перерыв. Теперь хочу вернуться, но почта, к которой был привязан аккаунт, уже не работает.",Гейминг_и_донат
"Здравствуйте! Мы представляем международную компанию в сфере финансовых технологий. В рамках выхода на российский рынок мы ищем надёжного медиапартнёра для проведения масштабной рекламной кампании. Нас интересует полный спектр рекламных возможностей вашей платформы: баннеры, нативные статьи, email-рассылки и участие в партнёрских программах. Просим выслать подробную информацию о форматах сотрудничества и актуальный прайс-лист на указанный адрес электронной почты.",Сотрудничество_и_реклама
как пополнить ИИС онлайн,Вклады_и_инвестиции
ипотека под маткапитал,Кредиты_и_ипотеки
поручитель по кредиту нужен,Кредиты_и_ипотеки
Совсем не то заказывал,Качество_товара_или_услуги
ставка по ипотеке высокая,Кредиты_и_ипотеки
Ищем партнёров для роста,Сотрудничество_и_реклама
Нет звука в игре,Гейминг_и_донат
"Добрый день! Мы производитель умной бытовой техники и активно ищем новые каналы продвижения. Ваша аудитория нам интересна, поскольку это технологически грамотные пользователи, которые ценят инновации. Хотели бы обсудить возможность комплексного сотрудничества: от спонсорства контента до размещения видеообзоров нашей техники. Просим связать нас с менеджером по рекламным партнёрствам.",Сотрудничество_и_реклама
можно ли перенести дату платежа,Кредиты_и_ипотеки
"Вы знаете, я вообще-то доверяю вашему банку, но последнее время начитался в интернете всяких историй о том, как люди теряли деньги на инвестиционных продуктах, которые банки продавали под видом вкладов. У меня сейчас есть 800 000 рублей, хочу их вложить на 2-3 года. Хочу максимальной ясности: что из ваших продуктов является настоящим застрахованным банковским вкладом, а что — инвестицией с риском потери средств? Пожалуйста, ответьте честно и подробно.",Вклады_и_инвестиции
Хотим быть спонсорами,Сотрудничество_и_реклама
Вещь сломалась сразу,Качество_товара_или_услуги
"Ноутбук из вашего магазина, купленный на прошлой неделе, уже не заряжается. Порт USB-C, похоже, неисправен изначально.",Качество_товара_или_услуги
"таавр пришёл с трещиной, это недопустимо прошу связатса",Качество_товара_или_услуги
"Уважаемая служба поддержки. Обращаюсь по вопросу несанкционированного списания средств с игрового баланса. В период с 10 по 12 число были проведены несколько транзакций, которые я не инициировал. Полагаю, что мой аккаунт был скомпрометирован. Прошу провести проверку и принять меры.",Гейминг_и_донат
"Мы с мужем планируем купить квартиру в новостройке, хотели бы узнать про льготную ипотеку для молодых семей.",Кредиты_и_ипотеки
"Скажите пожалуйста, если я сейчас открою вклад на три года по ставке 15%, а через год ЦБ поднимет ставку до 18% — я буду терять, оставаясь на своём вкладе? Есть ли у вас вклады с плавающей ставкой, которая привязана к ключевой ставке ЦБ? Это вообще выгодный инструмент или лучше придерживаться фиксированной?",Вклады_и_инвестиции
"Здравствуйте, я Иван И., хочу подать официальную жалобу. При оформлении ипотечного кредита сотрудник вашего банка в устной форме сообщил ставку 9.2% годовых, однако в подписанном договоре указана ставка 11.5%. Считаю данный факт вводящим в заблуждение и требую разъяснений и корректировки условий договора.",Кредиты_и_ипотеки
"Уважаемые специалисты, обращаюсь с просьбой прояснить ситуацию. Три месяца назад я внёс на ИИС сумму 400 000 рублей и приобрёл корпоративные облигации. Вчера увидел в приложении, что одна из компаний-эмитентов объявила о реструктуризации долга. Не совсем понимаю, что это означает для моих вложений и могу ли я потерять вложенные средства. Прошу связать меня с квалифицированным инвестиционным консультантом для разбора ситуации.",Вклады_и_инвестиции
"Мне нужен совет. Сейчас у меня есть 300 000 на накопительном счёте и 200 000 на текущем. Ипотека через 8 месяцев — надо будет внести первоначальный взнос. Куда лучше положить деньги на эти 8 месяцев? Хочу максимально сохранить и немного заработать, но деньги должны быть доступны ровно через 8 месяцев.",Вклады_и_инвестиции
Заказал дизайн-проект интерьера. В финальных чертежах обнаружил ошибки в размерах — стена задокументирована с разницей в 30 сантиметров.,Качество_товара_или_услуги
"Добрый день! Я фотограф, и у меня есть предложение о сотрудничестве. Могу предоставить вам эксклюзивные качественные фотографии для контента в обмен на размещение информации обо мне и моих услугах на вашей платформе. Думаю, это выгодно для обеих сторон — вы получаете уникальный визуальный контент, я — новых клиентов.",Сотрудничество_и_реклама
"Привет! Мы запускаем маркетплейс для творческих людей — художников, иллюстраторов, дизайнеров. Ищем медиапартнёров, которые разделяют нашу идею поддержки независимых авторов. Нам интересен не просто рекламный пост, а полноценное партнёрство: совместные конкурсы, интервью с авторами, помощь в продвижении лучших работ. Если вам близка эта тема — давайте поговорим!",Сотрудничество_и_реклама
"Услуга химчистки выполнена ужасно: пятно не вывели, зато добавили новую затяжку на ткани.",Качество_товара_или_услуги
ипотека или аренда что выгоднее,Кредиты_и_ипотеки
"Добрый день. Хотел бы уточнить: какая максимальная сумма может храниться на накопительном счёте с начислением процентов на полный остаток? Читал, что у некоторых банков есть ограничение, например, проценты начисляются только на первые 1,5 млн. Это так у вас?",Вклады_и_инвестиции
"Здравствуйте! Я владелец сети языковых школ. Хочу запустить рекламу перед началом нового учебного сезона. Аудитория, которую ищу — родители школьников и студенты. Есть ли у вас возможность охватить именно эту аудиторию? Напишите об условиях.",Сотрудничество_и_реклама
"Приобрёл кресло, через месяц спинка стала люфтить и скрипеть. За такие деньги ожидал большего срока службы.",Качество_товара_или_услуги
"Интересует семейная ипотека под 6%, у нас двое детей, подходим ли мы под условия программы?",Кредиты_и_ипотеки
"Добрый день, интерисует реклама в вашей расылке. Какая у вас абонентская база и почём размещение?",Сотрудничество_и_реклама
"Подскажите, можно ли перенести дату ежемесячного платежа по кредиту? Зарплату теперь дают позже.",Кредиты_и_ипотеки
"Добрый день, уважаемые коллеги. Наша компания занимается разработкой корпоративного программного обеспечения. В рамках развития нашего партнёрского канала продаж мы ищем компании, готовые рекомендовать наши решения своим клиентам за вознаграждение. Реферальная программа предусматривает выплату процента с каждой совершённой сделки. Если ваша аудитория состоит из бизнес-пользователей, это может стать интересным источником дохода для вас. Хотели бы обсудить детали?",Сотрудничество_и_реклама
"в прошлом году открыл вклад на год, сейчас хочу закрыть",Вклады_и_инвестиции
аккаунт не найден,Гейминг_и_донат
Прошу предоставить официальный ответ на мою претензию о качестве оказанных строительных работ в письменной форме.,Качество_товара_или_услуги
Микроволновка греет только по краям тарелки. Центр остаётся холодным. Явная проблема с равномерностью нагрева.,Качество_товара_или_услуги
"Добрый день! Я представляю сеть фитнес-клубов. Хотим запустить совместную акцию перед летним сезоном: ваши подписчики получают льготные условия вступления, мы размещаем рекламные материалы. Интересует ли вас подобный формат взаимодействия?",Сотрудничество_и_реклама
"Добрый день! Я представляю крупную страховую компанию. Мы ищем новые digital-каналы для продвижения продуктов страхования жизни и здоровья. Нас интересует аудитория людей в возрасте 30-50 лет с доходом выше среднего. Пришлите, пожалуйста, данные по аудитории.",Сотрудничество_и_реклама
"хочу перевести деньги с накопительного счёта на вклад, это возможно?",Вклады_и_инвестиции
можно ли частично снять деньги с депозита,Вклады_и_инвестиции
Обсудим спонсорство?,Сотрудничество_и_реклама
Плитку в ванной вы клали месяц назад. Уже три штуки отвалились. Клей и затирку выбрали явно неподходящие.,Качество_товара_или_услуги
диверсификация активов как сделать,Вклады_и_инвестиции
Обивка на новом кресле начала пилиться по швам уже через два месяца. При ежедневном использовании это недопустимый срок.,Качество_товара_или_услуги
"Хочу сделать частичное досрочное погашение ипотеки, как лучше — уменьшить срок или ежемесячный платёж?",Кредиты_и_ипотеки
"Подал заявку на кредит онлайн три дня назад, статус до сих пор 'на рассмотрении', что происходит?",Кредиты_и_ипотеки
Прогресс не сохраняется,Гейминг_и_донат
"Уведомляю о намерении обратиться в Роспотребнадзор в случае, если претензия по качеству товара не будет рассмотрена в десятидневный срок.",Качество_товара_или_услуги
Добрый день! Представляю группу компаний в сфере недвижимости. Мы хотим разместить серию материалов о рынке жилья с нашей экспертизой и мягкой рекламой наших объектов. Как вы относитесь к такому формату нативного контента и каков порядок цен?,Сотрудничество_и_реклама
"Заметил, что с баланса каждый месяц списывается какая-то сумма, но я не помню, на что подписывался. Можно посмотреть список активных подписок?",Гейминг_и_донат
"Добрый день! Ищем амбассадора для нашего бренда. Есть ли у вас представители, которые могут нас порекомендовать?",Сотрудничество_и_реклама
"Купили детскую игрушку, она сломалась в первый же час игры. Это недопустимо для товара детской категории.",Качество_товара_или_услуги
"Фотоаппарат не фокусируется в режиме автофокуса. Это базовая функция, и она не работает.",Качество_товара_или_услуги
сколько можно заработать на вкладе за год,Вклады_и_инвестиции
"Уважаемая служба поддержки. Хочу обратить ваше внимание на массовую проблему, которую обсуждают многие игроки на форуме. После последнего патча у большой группы пользователей пропали внутриигровые достижения. У меня лично исчезло 47 из 89 достижений, в том числе те, за получение которых я приобретал дополнительный контент. Судя по треду на форуме, проблема затронула несколько сотен человек. Когда планируется исправление? Будет ли автоматическое восстановление или нужно подавать индивидуальные заявки?",Гейминг_и_донат
"Хочу подробно описать ситуацию. Приобрёл квартиру по ДДУ в 2022 году, взял ипотеку. Застройщик нарушил сроки, дом сдан только сейчас. Всё это время я исправно платил ипотеку и одновременно снимал жильё. Слышал, что в такой ситуации можно требовать неустойку от застройщика. Можно ли направить эту неустойку на досрочное погашение ипотеки?",Кредиты_и_ипотеки
Слетели достижения,Гейминг_и_донат
как узнать ставку по текущему депозиту,Вклады_и_инвестиции
Промокод недействителен,Гейминг_и_донат
"Я думал что это бесплатная игра, но за нормальный игровой процесс нужно постоянно платить. Хочу полностью удалить аккаунт.",Гейминг_и_донат
"Купил пропуск, пусто",Гейминг_и_донат
"Платёж по кредиту списался дважды в этом месяце, хочу вернуть переплату.",Кредиты_и_ипотеки
фонды денежного рынка,Вклады_и_инвестиции
"Хочу сдавать ипотечную квартиру в аренду, это допускается условиями договора?",Кредиты_и_ипотеки
"Потратил все монеты на апгрейд оружия, но характеристики не изменились. Деньги ушли, эффекта нет.",Гейминг_и_донат
могу ли я пополнить вклад после открытия,Вклады_и_инвестиции
"Добрый день! Мы ищем партнёров для продвижения нашего нового мобильного приложения в сфере здоровья и wellness. Приложение помогает пользователям отслеживать питание, сон и активность. Готовы предложить вашим подписчикам эксклюзивный промокод на премиум-доступ. Как можно организовать совместную акцию?",Сотрудничество_и_реклама
"Привет! Подскажи, когда примерно серваки починят? Уже 2 часа не могу зайти, пишет что сервер перегружен",Гейминг_и_донат
индивидуальный пенсионный план,Вклады_и_инвестиции
На основании статьи 18 ЗОЗПП прошу произвести замену товара ненадлежащего качества на аналогичный товар надлежащего качества.,Качество_товара_или_услуги
"Наша команда разрабатывает мобильное приложение для молодёжи, и мы активно ищем партнёров, которые помогут нам выйти на широкую аудиторию. Хотели бы обсудить возможность интеграции вашего бренда в нашем приложении или совместную рекламную кампанию. Готовы предложить привлекательные условия и гибкий подход к сотрудничеству.",Сотрудничество_и_реклама
"Мы блогер с аудиторией 200к+ человек, специализируемся на лайфстайл-контенте. Хотим обсудить интеграцию вашего продукта.",Сотрудничество_и_реклама
что выгоднее: облигации или депозит в 2024,Вклады_и_инвестиции
могу ли я получать доход от инвестиций ежемесячно,Вклады_и_инвестиции
можно ли пополнять вклад в любое время или только в определённые дни?,Вклады_и_инвестиции
"Добрый день. В рамках проводимой акции мне был обещан бонус в виде 200 игровых монет при первом пополнении баланса. Я пополнил счёт на 1000 рублей, однако бонусные монеты начислены не были. Прошу разобраться в данной ситуации и начислить причитающееся вознаграждение.",Гейминг_и_донат
Не могу зайти в игру,Гейминг_и_донат
объясните как работает пополняемый вклад с частичным снятием,Вклады_и_инвестиции
"Меня кикают из каждой игровой сессии примерно через 10 минут. Соединение стабильное, другие игры работают нормально.",Гейминг_и_донат
"Хей! Я веду ютуб-канал про технологии, у меня уже 80к подписчиков и неплохая вовлечённость. Хочу предложить вам интеграцию — снимаю честные обзоры, не делаю заказуху, только реальный опыт использования. Мне кажется, ваш продукт отлично зайдёт моей аудитории, потому что они как раз интересуются тем, что вы предлагаете. Готов обсудить формат и условия. Напишите, если интересно, скину стату по каналу!",Сотрудничество_и_реклама
не работает кнопка доната,Гейминг_и_донат
расскажите про программу долгосрочных сбережений,Вклады_и_инвестиции
ипотека на вторичку условия,Кредиты_и_ипотеки
Хочу взять ипотеку под залог имеющейся квартиры для покупки второго жилья — это вообще реально?,Кредиты_и_ипотеки
Хотим продвигать бренд,Сотрудничество_и_реклама
переплата по займу большая,Кредиты_и_ипотеки
"У меня военная ипотека, перевожусь в другой регион, как это повлияет на условия займа?",Кредиты_и_ипотеки
гашение кредита досрочно,Кредиты_и_ипотеки
Ваша аудитория очень подходит нашему продукту. Как можно организовать рекламную кампанию на вашей платформе?,Сотрудничество_и_реклама
"Ребята, подскажите, как вернуть товар, если он оказался ненадлежащего качества? Чек сохранён, упаковка тоже.",Качество_товара_или_услуги
"Уважаемые партнёры! Представляю туристическую компанию, специализирующуюся на экотуризме и активном отдыхе. В связи с ростом интереса к осознанным путешествиям мы планируем расширить присутствие в digital-пространстве. Ваша аудитория, судя по тематике контента, близка к нашей целевой группе. Предлагаем рассмотреть сотрудничество в формате спонсированных статей, совместных конкурсов с призами в виде туров, а также долгосрочного партнёрства с регулярными упоминаниями.",Сотрудничество_и_реклама
"Мне нужна помощь со срочным вопросом. Месяц назад я совершал покупки в игре с карты *2345. Недавно обнаружил в банковской выписке несколько транзакций за тот же период, которые не помню. Прошу предоставить детализацию платежей с моего игрового аккаунта за прошлый месяц для сверки.",Гейминг_и_донат
Аккаунт взломали,Гейминг_и_донат
Сервер недоступен сейчас,Гейминг_и_донат
Добрый день! Мы хотим стать официальным партнёром вашей платформы. Расскажите об условиях партнёрства.,Сотрудничество_и_реклама
Не могу купить валюту,Гейминг_и_донат
"Привет! Веду сообщество для мам в декрете, уже собрала 25 тысяч участниц. Ищу бренды, которые хотят выйти на эту аудиторию. Работаю честно: только те продукты, которые сама проверила. Если ваш продукт для мам и детей — давайте познакомимся и обсудим возможное сотрудничество.",Сотрудничество_и_реклама
"Плед, который позиционируется как премиальный, уже после первой стирки скатался и потерял форму.",Качество_товара_или_услуги
"Я работаю в IT-компании, которая включена в реестр Минцифры. Хочу воспользоваться IT-ипотекой. Моя зарплата составляет около 180 тысяч рублей в месяц, работаю по трудовому договору. Квартиру хочу купить в новостройке в Санкт-Петербурге. Подскажите, все ли условия я соблюдаю и каков следующий шаг для подачи заявки?",Кредиты_и_ипотеки
"Не могу использовать игровой бонус, который получил за день рождения. При попытке активации пишет 'срок действия истёк', хотя с дня рождения прошло только 2 дня.",Гейминг_и_донат
налоговый вычет по ИИС,Вклады_и_инвестиции
"Здравствуйте! Хочу узнать, есть ли у вас программа лояльности для давних пользователей. Играю уже 5 лет и было бы приятно получать какие-то бонусы.",Гейминг_и_донат
"хочу купить золото в слитках, есть ли такая услуга в банке?",Вклады_и_инвестиции
"Добрый день! Нас интересует размещение рекламы вашем сайте. Работаем в сфере b2b, предоставляем услуги по бухгалтерскому аутсорсингу. Целевая аудитория — руководители и собственники малого и среднего бизнеса. Есть ли у вас подобная аудитория и какие форматы вы можете предложить?",Сотрудничество_и_реклама
"Норм была компания, но последний заказ — просто трэш. Худи село после стирки на два размера, хотя стирал по инструкции.",Качество_товара_или_услуги
"Хочу взять потребительский кредит на ремонт квартиры, подскажите какие документы нужны и какая будет ставка?",Кредиты_и_ипотеки
"Привет, скажите пожалуйста, можно ли поменять привязанный номер телефона 8916*** на другой? Старая симка потеряна, а аккаунт к ней привязан и каждый раз требует смс для входа.",Гейминг_и_донат
ПОЧЕМУ В ПРИЛОЖЕНИИ ПИШЕТ ЧТО МОЙ ИИС ЗАБЛОКИРОВАН Я НИЧЕГО НЕ ДЕЛАЛ,Вклады_и_инвестиции
Новая сковорода с антипригарным покрытием — покрытие начало отходить кусочками уже на второй неделе. Это опасно для здоровья.,Качество_товара_или_услуги
"Зарядное устройство нагревается до критической температуры. Это не только брак, но и угроза безопасности.",Качество_товара_или_услуги
"Посудомоечная машина, установленная вашим специалистом, оставляет белый налёт на посуде. Прошу разобраться.",Качество_товара_или_услуги
Здравствуйте. Прошу рассмотреть мою заявку на возврат средств. 15-го числа текущего месяца с карты *9012 была списана сумма в размере 749 рублей за продление подписки Premium. Я не давал согласия на автоматическое продление и прошу вернуть указанную сумму.,Гейминг_и_донат
"Пишу как постоянный покупатель, которого разочаровало качество последней покупки. Я заказал комплект постельного белья из коллекции «Премиум». Когда открыл упаковку, обнаружил, что швы на наволочке расходятся, а на простыне имеется явный перекос узора — видно, что ткань была обрезана криво. Позвонил в поддержку, мне предложили скидку в 10% на следующий заказ, однако я считаю это неприемлемым решением. Я хочу замену брака и гарантию, что следующий товар будет соответствовать заявленному уровню «Премиум».",Качество_товара_или_услуги
Здравствуйте. Наша компания занимается юридическими услугами для бизнеса. Хотим повысить узнаваемость бренда в профессиональной среде. Интересует размещение экспертных статей на вашей платформе с возможностью упоминания нашей компании. Как оформляется подобное сотрудничество?,Сотрудничество_и_реклама
"Заказала торт на день рождения. Привезли, разрезали — крем внутри скисший, есть невозможно. Праздник был испорчен.",Качество_товара_или_услуги
"Привет! Мы производим экологичную упаковку для бизнеса и ищем партнёров среди компаний, которые разделяют ценности устойчивого развития. Можно ли разместить у вас статью о проблеме пластика и нашем решении? Готовы подготовить качественный материал самостоятельно.",Сотрудничество_и_реклама
"Мы представляем крупный онлайн-ритейлер электроники. В преддверии сезона распродаж хотим усилить рекламное присутствие. Интересует размещение баннерной рекламы, спецпроектов и рассылок по вашей базе. Готовы обсудить эксклюзивные условия при долгосрочном сотрудничестве.",Сотрудничество_и_реклама
"Здравствуйте. Хотим предложить вам совместный проект — серию интерактивных тестов для вашей аудитории на тему финансовой грамотности. Мы готовим контент и финансируем разработку, вы размещаете и продвигаете. Наш бренд — в качестве спонсора. Интересно?",Сотрудничество_и_реклама
"хачу закрыть вклад, куда звонить",Вклады_и_инвестиции
"Я и моя супруга приобрели квартиру в совместную ипотеку в 2020 году. Сейчас оформляем развод и хотим понять, как разделить обязательства по кредиту. Кто из нас должен продолжать платить? Можно ли переоформить ипотеку только на одного из нас, и какие для этого нужны документы?",Кредиты_и_ипотеки
"Помогите, пожалуйста! Хочу сделать сюрприз другу на день рождения — подарить ему редкий предмет в игре. Как правильно оформить подарок и не перепутать аккаунт?",Гейминг_и_донат
"Вообще разочарован вашим банком. Открыл вклад полгода назад, менеджер обещал, что ставка фиксированная и не изменится до конца срока. Сегодня зашёл в приложение и увидел, что доходность стала другой. Позвонил на горячую линию — там сказали, что ставка «рыночная» и может меняться. Почему мне не объяснили это при открытии?! Хочу закрыть всё и вернуть деньги.",Вклады_и_инвестиции
"Добрый день! Мы — онлайн-сервис для юридических консультаций. Хотим привлечь клиентов, которые сталкиваются с правовыми вопросами в повседневной жизни. Интересует размещение информационных материалов и рекламы. Пришлите, пожалуйста, условия сотрудничества.",Сотрудничество_и_реклама
"Здравствуйте, нас интересует продвижение через ваш контент. Работаете ли вы со сторонними брендами?",Сотрудничество_и_реклама
Добрый день! Рассматриваем вашу площадку для размещения контекстной рекламы. Какие форматы доступны?,Сотрудничество_и_реклама
Где мои кристаллы?,Гейминг_и_донат
"Крайне недоволен качеством продукта. Купил наушники неделю назад и уже с третьего дня левый канал звучит тише правого. Брак очевидный, хочу замену.",Качество_товара_или_услуги
"Открыл у вас накопительный счёт полгода назад, регулярно пополнял. Сейчас вижу, что ставка опустилась с 12% до 8,5% — понимаю, что она плавающая, но хотелось бы понять прогноз. Стоит ли мне перевести деньги на срочный вклад с фиксированной ставкой, пока условия ещё относительно хорошие? Какие сроки депозитов сейчас наиболее выгодны — 6 месяцев, год или три года?",Вклады_и_инвестиции
"Здравствуйте. Хочу зафиксировать официальную претензию по качеству строительных работ. В марте текущего года ваша компания выполняла у меня в квартире работы по укладке ламината и монтажу плинтусов. По завершении работ я подписал акт приёмки, однако спустя примерно месяц обнаружил, что часть ламелей начала скрипеть при ходьбе, а два плинтуса в углах отошли от стены. Я вызвал независимого эксперта, который подтвердил, что причиной является нарушение технологии укладки подложки. Прошу устранить все дефекты за счёт вашей компании в соответствии с гарантийными обязательствами.",Качество_товара_или_услуги
Добрый день! Мы производим системы очистки воды для дома и офиса. Хотим рассказать о важности качества воды и предложить наш продукт как решение. Интересует формат нативной статьи или спонсорства тематического контента.,Сотрудничество_и_реклама
можно ли открыть вклад в юанях,Вклады_и_инвестиции
Сервера нестабильно работают уже несколько дней подряд. Постоянные лаги и дисконнекты посреди матча — это недопустимо.,Гейминг_и_донат
"Ипотека на апартаменты — возможно ли это, и отличаются ли условия от ипотеки на квартиру?",Кредиты_и_ипотеки
Добрый день. Я владелец небольшого интернет-магазина товаров для хобби. Хочу попробовать рекламу у вас. Скажите честно — насколько эффективна реклама на вашей площадке для небольших магазинов? Есть ли кейсы похожих клиентов?,Сотрудничество_и_реклама
"Привет! Мы — сервис подписки на книги. Каждый месяц наши подписчики получают тщательно отобранные книги с персональными рекомендациями. Ищем площадки с читающей аудиторией. Думаем, вы как раз такие! Как можно начать сотрудничество?",Сотрудничество_и_реклама
"Подскажите, когда будет следующее пополнение магазина? Жду конкретный скин уже месяц, а он всё не появляется в продаже.",Гейминг_и_донат
Вы прислали сертификат на спа-процедуры. Пришла в салон — мне сделали всё наспех за 20 минут вместо положенного часа.,Качество_товара_или_услуги
Пишет что мой регион не поддерживается для покупок. Но раньше всё работало нормально. Что изменилось?,Гейминг_и_донат
Бонусы не начислены,Гейминг_и_донат
"Подписался на стриминговый сервис, но половина заявленного контента недоступна в моём регионе. Это обман.",Качество_товара_или_услуги
Можно ли использовать региональный маткапитал в дополнение к федеральному при погашении ипотеки?,Кредиты_и_ипотеки
Интересует аффилиатка,Сотрудничество_и_реклама
вложить деньги выгодно,Вклады_и_инвестиции
Хотим разместить партнёрский материал о нашем новом онлайн-сервисе. Ниша — личные финансы и инвестиции. Готовы предоставить всю необходимую информацию и согласовать текст. Как оформить сотрудничество?,Сотрудничество_и_реклама
Есть рекламные площадки?,Сотрудничество_и_реклама
Брак с первого дня,Качество_товара_или_услуги
"Хочу взять кредит наличными на покупку машины, какой максимальный срок и сумму вы можете предложить?",Кредиты_и_ипотеки
аннуитетный или дифференцированный платёж,Кредиты_и_ипотеки
что такое эффективная ставка по вкладу,Вклады_и_инвестиции
"Трубка смесителя, которую установил ваш мастер, потекла через двое суток. Полы намочило, соседям снизу тоже досталось.",Качество_товара_или_услуги
можно ли открыть вклад на ребёнка до 18 лет,Вклады_и_инвестиции
"Получил бан без объяснений. Никаких нарушений не совершал, читов не использовал. Прошу разобраться и снять ограничение.",Гейминг_и_донат
где в приложении найти справку о процентах по вкладу для налоговой,Вклады_и_инвестиции
"Ситуация следующая: год назад я оформил потребительский кредит на 400 000 рублей. Несколько месяцев всё было нормально, потом начались финансовые трудности. Я связался с банком, попросил реструктуризацию — мне отказали. Обратился за кредитными каникулами — тоже отказали, сославшись на то, что не подхожу под условия. Сейчас просрочка уже 4 месяца. Что мне делать в этой ситуации?",Кредиты_и_ипотеки
Непонятная ошибка,Гейминг_и_донат
"Добрый вечер. У меня умерла мама, и я являюсь наследником. Знаю, что у неё был вклад в вашем банке, но не знаю на какую сумму и каковы условия. Нотариус попросил запросить справку о наличии счетов и остатках. Подскажите, как правильно оформить запрос в банк по наследственному делу и какие документы потребуются?",Вклады_и_инвестиции
Кейс не открывается,Гейминг_и_донат
"Мне начислили штраф за просрочку, но я точно оплатил вовремя, вот скриншот из приложения.",Кредиты_и_ипотеки
Пришло письмо что банк меняет условия договора в одностороннем порядке. Могу ли я отказаться?,Кредиты_и_ипотеки
"Не начислили ежедневный бонус за 7-й день входа подряд. Вчера был мой 7-й день, а награда не пришла.",Гейминг_и_донат
Рейтинг слетел внезапно,Гейминг_и_донат
"Штукатурка, нанесённая вашей бригадой, пошла трещинами уже через две недели. Работа выполнена с нарушениями.",Качество_товара_или_услуги
"Здравствуйте! Меня зовут Ирина С., я директор по маркетингу компании, которая производит детское питание. Мы хотим наладить долгосрочное сотрудничество с несколькими медиаплощадками. Ваш ресурс попал в наш шорт-лист. Готовы встретиться онлайн для обсуждения деталей. Напишите удобное время.",Сотрудничество_и_реклама
ЧТО ЭТО ЗА ХЛАМ вы присылаете своим клиентам?? требую возврата!!,Качество_товара_или_услуги
"Хотим обсудить медиапартнёрство для нашего ежегодного форума. Пожалуйста, свяжите с ответственным менеджером.",Сотрудничество_и_реклама
Нет доступа,Гейминг_и_донат
В соответствии с Законом о защите прав потребителей прошу принять мою жалобу на ненадлежащее качество приобретённого товара.,Качество_товара_или_услуги
"Привет! Занимаюсь производством авторских свечей ручной работы. Хочу рассказать о своём проекте более широкой аудитории. Думаю о размещении рекламы, но не совсем понимаю, с чего начать и какой формат выбрать для небольшого хендмейд-бизнеса. Подскажите, пожалуйста!",Сотрудничество_и_реклама
Купил гироскутер сыну. При первом включении издаёт скрежет и немного вибрирует. Явно что-то внутри не так.,Качество_товара_или_услуги
"Хотел купить игровые средства на 300 рублей, а система провела платёж на 3000. Явно техническая ошибка, прошу вернуть лишнее.",Гейминг_и_донат
кредитный договор расторгнуть,Кредиты_и_ипотеки
"Уважаемая служба поддержки! Сообщаю о следующей ситуации. 8-го числа я приобрёл лимитированный косметический набор в честь годовщины игры. Стоимость набора составила 1499 рублей. Однако через 3 дня увидел, что этот же набор продаётся со скидкой 40%. Согласно вашей политике возврата, при снижении цены в течение 7 дней возможен возврат разницы. Прошу вернуть 600 рублей.",Гейминг_и_донат
отказали в займе,Кредиты_и_ипотеки
"Добрый день. Хочу уточнить техническую процедуру. Мне нужно перевести деньги с вклада, который заканчивается послезавтра, на брокерский счёт и сразу купить ОФЗ. Вклад и брокерский счёт — оба у вас. Деньги придут в день закрытия вклада или на следующий рабочий день? Это важно, потому что я хочу успеть купить облигации до изменения цены.",Вклады_и_инвестиции
"Здравствуйте, меня интересует партнёрская программа для блогеров. Я веду канал о финансовой грамотности в Телеграм, есть около 8 тысяч подписчиков. Как именно работает ваша партнёрка и какой процент выплачивается с привлечённых клиентов?",Сотрудничество_и_реклама
Пропали монеты,Гейминг_и_донат
"Здравствуйте. Меня зовут — скажем, Николай В. Я клиент вашего банка уже больше десяти лет. Хочу поделиться ситуацией и попросить совета. В этом году я вышел на пенсию и получил единовременную выплату от работодателя в размере 1,5 миллиона рублей. Хочу грамотно распорядиться этими деньгами, чтобы они работали и давали стабильный доход. Жить планирую на пенсию и на проценты от вложений. Меня пугают риски фондового рынка — поэтому смотрю в сторону депозитов и ОФЗ. Подскажите: стоит ли разбить сумму на несколько вкладов с разными сроками, чтобы деньги регулярно высвобождались? Или лучше положить всё сразу на максимально выгодный срок?",Вклады_и_инвестиции
"Добрый день! Наш стартап создаёт платформу для онлайн-образования взрослых. Мы хотим выйти на аудиторию людей, которые занимаются саморазвитием и не боятся учиться новому. Ваша аудитория, судя по всему, именно такая. Хотели бы обсудить возможности для сотрудничества.",Сотрудничество_и_реклама
неправильный баланс,Гейминг_и_донат
ПОЧЕМУ МОИ ДИВИДЕНДЫ НЕ ЗАЧИСЛЕНЫ УЖЕ НЕДЕЛЮ ПРОШЛО,Вклады_и_инвестиции
"Добрый день. Хочу обсудить следующую ситуацию. Мне предложили участие в IPO российской компании через вашу платформу. Никогда раньше этим не занимался. Объясните: в чём суть участия в IPO, какие риски, есть ли гарантированное получение акций по заявленной цене и когда обычно происходит аллокация?",Вклады_и_инвестиции
отменили одобренную ипотеку,Кредиты_и_ипотеки
кредит самозанятому,Кредиты_и_ипотеки
Добрый день! Мы представляем крупную торговую сеть и хотели бы узнать о возможностях размещения баннерной рекламы на вашей платформе.,Сотрудничество_и_реклама
ошибка 404,Гейминг_и_донат
Банк говорит что моей зарплаты не хватает для ипотеки. Но если добавить доход мамы — можно ли её сделать созаёмщиком?,Кредиты_и_ипотеки
"Привет! Занимаюсь организацией городских квестов и активностей. Хочу привлечь к нам больше людей через рекламу у вас. Особенно интересует аудитория 25-40 лет, активные горожане. Есть ли у вас возможность такого таргетинга?",Сотрудничество_и_реклама
рефинансирование ипотеки,Кредиты_и_ипотеки
Хочу стать партнёром,Сотрудничество_и_реклама
"Слушайте, у меня вопрос по налогам с вклада. Слышал, что с 2021 года ввели налог на доходы по вкладам. Мой вклад — 1,2 млн рублей под 14% годовых. Мне нужно самому что-то платить или банк всё сделает автоматически? И с какой суммы дохода начинается налогообложение?",Вклады_и_инвестиции
"Поставили мне натяжной потолок, а через месяц он пожелтел в углу. Говорят, что это из-за влажности, но у меня нормальный воздух.",Качество_товара_или_услуги
Добрый день. Мы разработали инновационное решение для управления складом. Продукт уже используется несколькими крупными компаниями. Хотим привлечь новых клиентов через вашу платформу. Как можно организовать размещение кейс-стади или экспертного материала о нашем решении?,Сотрудничество_и_реклама
"Ситуация следующая: в октябре прошлого года я оформил потребительский кредит на 500 000 рублей. Платёж составляет 17 400 рублей в месяц. В этом месяце из-за болезни не смог внести платёж вовремя, просрочил на 12 дней. Теперь мне звонят из отдела взыскания. Хочу урегулировать ситуацию и узнать точную сумму к погашению с учётом штрафа.",Кредиты_и_ипотеки
процентная ставка изменилась,Вклады_и_инвестиции
"Потерял работу, не могу платить по кредиту, слышал что есть кредитные каникулы, как их оформить?",Кредиты_и_ипотеки
"Мне 62 года, хочу купить дачу в ипотеку, дадут ли кредит в таком возрасте?",Кредиты_и_ипотеки
"Добрый день! Мы платёжный сервис нового поколения. Хотим предложить вашим пользователям специальные условия — бесплатный период использования нашего продукта. Взамен просим разместить рекламные материалы на вашей платформе. Думаем, это будет полезно обеим сторонам. Вышлите, пожалуйста, условия сотрудничества.",Сотрудничество_и_реклама
Какие документы нужны для подачи заявки на ипотеку без первоначального взноса?,Кредиты_и_ипотеки
"Хочу оспорить блокировку аккаунта. Мне пришло письмо о бане за 'координацию действий', но я просто играл с друзьями в клане. Это разве запрещено?",Гейминг_и_донат
Ваш онлайн-курс по английскому содержит задания с ошибками в ответах. Я проверял по нескольким источникам — ошибки в вашей базе.,Качество_товара_или_услуги
"Это просто катастрофа. Вчера перед важным клановым рейдом у меня пропало всё снаряжение персонажа. Годы игры, сотни часов фарма и реальные деньги на улучшения — всё исчезло. Сессию провалили из-за меня. Требую немедленного восстановления всего имущества аккаунта.",Гейминг_и_донат
Есть предложение о коллаборации,Сотрудничество_и_реклама
"Здравствуйте! Мы делаем детские образовательные игрушки. Хотим найти площадки для продвижения среди родителей дошкольников. Готовы предоставить игрушки для тестирования и честных отзывов, а также рассмотреть платное размещение. Напишите, пожалуйста, к кому обратиться по вопросам сотрудничества.",Сотрудничество_и_реклама
как закрыть вклад через приложение,Вклады_и_инвестиции
Нет интернета в игре,Гейминг_и_донат
"Подключение оборвалось во время матча, и мне засчитали техническое поражение. Это несправедливо, прошу пересмотреть результат.",Гейминг_и_донат
досрочное погашение займа,Кредиты_и_ипотеки
"Это третья партия от вас с одним и тем же дефектом. Мы серьёзно рассматриваем смену поставщика, если ситуация не изменится.",Качество_товара_или_услуги
как переключить реинвестирование процентов на выплату на карту?,Вклады_и_инвестиции
"Менеджер предложил застраховать квартиру в конкретной компании, обязан ли я это делать?",Кредиты_и_ипотеки
"Добрый день! Представляю крупную сеть кофеен, у нас более 30 точек по всей стране. Мы ищем партнёров для запуска совместной программы лояльности: наши клиенты получают бонусы при использовании ваших услуг и наоборот. Это позволило бы обменяться аудиторией и увеличить охваты для обеих сторон. Если концепция вас заинтересует, мы готовы организовать встречу с нашим маркетинговым директором для детального обсуждения условий партнёрства.",Сотрудничество_и_реклама
"Добрый день! Мы производим программное обеспечение для управления проектами. Хотим запустить реферальную программу и ищем партнёров, которые могут рекомендовать наш продукт своей аудитории. Условия очень привлекательные — до 30% с каждой продажи.",Сотрудничество_и_реклама
"Настоящим уведомляю вас о технической проблеме, возникшей при использовании игровой платформы. После планового обновления системы мой персонаж был сброшен до начального уровня, весь накопленный прогресс утерян. Прошу восстановить состояние аккаунта на момент до обновления.",Гейминг_и_донат
"Купила детскую смесь вашего бренда. Вскрыла — внутри комки, хотя срок годности нормальный. Это признак нарушения хранения.",Качество_товара_или_услуги
Здравствуйте! Представляю центр дополнительного образования для взрослых. Мы предлагаем курсы по профессиональной переподготовке. Хотим запустить рекламу перед осенним набором. Какие форматы вы рекомендуете для образовательных учреждений?,Сотрудничество_и_реклама
"Купил блендер, он перестал работать уже через два дня использования. Явный производственный дефект.",Качество_товара_или_услуги
"Привет! Мы производим аксессуары для смартфонов и ноутбуков. Есть интересный ассортимент, хотим рассказать о себе технически грамотной аудитории. Как быстро можно запустить рекламу и каков минимальный бюджет для теста?",Сотрудничество_и_реклама
"Я молодой айтишник, 26 лет, зарабатываю нормально и хочу начать серьёзно инвестировать. Читал про разные стратегии — пассивное инвестирование в индексные фонды, дивидендные акции, облигации. У вас есть что-то вроде готовых портфелей под разные профили риска? Или мне лучше самому собирать через брокерский счёт? Насколько у вас удобная торговая платформа для активных инвесторов?",Вклады_и_инвестиции
БАНК СПИСАЛ ДЕНЬГИ ДВАЖДЫ ЗА ИПОТЕКУ ВЕРНИТЕ НЕМЕДЛЕННО,Кредиты_и_ипотеки
"Дорогая поддержка, пишу уже третий тикет по одному и тому же вопросу. Суть: при покупке внутриигровой валюты через мобильное приложение деньги списываются, но монеты не приходят. Первый раз было на 199 рублей, второй раз на 399. Суммарно потерял почти 600 рублей. Предыдущие тикеты закрыли без объяснений. Прошу отнестись к моей проблеме серьёзно, вернуть средства и объяснить причину сбоев.",Гейминг_и_донат
Мы небольшое digital-агентство и хотим предложить вам аутсорсинг рекламных кампаний. Готовы к переговорам.,Сотрудничество_и_реклама
как открыть брокерский счёт онлайн,Вклады_и_инвестиции
условия потребительского кредита,Кредиты_и_ипотеки
Хочу взять ипотеку на готовый дом с участком — это сложнее чем на квартиру?,Кредиты_и_ипотеки
"Брак, верните деньги",Качество_товара_или_услуги
"Мне пришло письмо о передаче долга коллекторам, хотя я исправно плачу каждый месяц, как такое вышло?",Кредиты_и_ипотеки
Мой заказ пришёл с отсутствующей деталью в комплекте. При этом на коробке написано «проверено ОТК». Как такое возможно?,Качество_товара_или_услуги
"Слышал про новый тип ИИС-3, который ввели с 2024 года. Чем он отличается от старых ИИС-1 и ИИС-2? Какой минимальный срок и можно ли получить льготы раньше? У меня уже есть старый ИИС — нужно ли его переводить или можно открыть второй?",Вклады_и_инвестиции
"Заказал монтаж видеонаблюдения, но несколько камер смотрят в стену из-за неправильного угла установки. Переделайте работу.",Качество_товара_или_услуги
"Привет, мы агентство performance-маркетинга и ищем новые площадки для клиентов. Пришлите, пожалуйста, контакты отдела рекламы.",Сотрудничество_и_реклама
Здравствуйте. Представляю агентство по организации корпоративных мероприятий. Хотим разместить у вас рекламу перед сезоном корпоративов. Нас интересует охват HR-специалистов и руководителей компаний. Есть ли у вас возможность таргетировать рекламу на определённые профессиональные аудитории?,Сотрудничество_и_реклама
Реклама в рассылке возможна?,Сотрудничество_и_реклама
"Достал уже этот ваш товар — третий раз одна и та же проблема. Покупаю, использую пару дней, и снова то же самое!",Качество_товара_или_услуги
"Привет! Делаем авторские украшения из серебра. Хотим красиво рассказать о своём производстве и людях, которые стоят за каждым изделием. Ищем площадку для публикации нашей истории. Возможно нативное размещение или спонсированный пост?",Сотрудничество_и_реклама
"ставка по моему вкладу изменилась после пролонгации, почему?",Вклады_и_инвестиции
Интересует медиапартнёрство,Сотрудничество_и_реклама
"Здравствуйте! Я играю в вашу игру уже больше трёх лет, никогда раньше не обращался в поддержку. Но сейчас возникла серьёзная ситуация: после последнего обновления приложения на iPhone мой аккаунт отвязался от Apple ID. Теперь я не могу войти, потому что система просит подтверждение через Apple, а при входе через Apple создаётся новый пустой аккаунт. Мои старые данные со всеми покупками недоступны. Очень прошу помочь восстановить привязку к существующему аккаунту.",Гейминг_и_донат
"Хочу пожаловаться на агрессивную монетизацию в игре. За последние полгода цены выросли втрое, а игровой контент остался прежним. Это возмутительно.",Гейминг_и_донат
"Принтер выдаёт ошибку каждый раз, когда пытаюсь распечатать документ двусторонней печатью. Купил для офиса — это критично.",Качество_товара_или_услуги
"Здравствуйте, хочу уточнить условия вашего накопительного счёта «Максимум». На сайте написано 13% годовых, но мелким шрифтом указаны какие-то условия. Расшифруйте пожалуйста: эта ставка на весь срок или только на первые 3 месяца? Нужно ли для неё выполнять какие-то условия по тратам с карты или по сумме остатка? Хочу понять реальную доходность, а не рекламную цифру.",Вклады_и_инвестиции
можете прислать реквизиты для пополнения моего инвестиционного счёта?,Вклады_и_инвестиции
"Привет! Я коуч по карьере и личному развитию. Хочу увеличить свой охват и найти новых клиентов. Думаю о рекламе, но также открыт к идее написания экспертных колонок для вашего ресурса. Возможно ли сотрудничество в таком формате?",Сотрудничество_и_реклама
как рассчитать доходность вклада с капитализацией процентов?,Вклады_и_инвестиции
Не могу скачать обновление игры. Процесс доходит до 98% и зависает намертво. Приходится принудительно закрывать клиент.,Гейминг_и_донат
доверительное управление активами,Вклады_и_инвестиции
одобрят ли кредит,Кредиты_и_ипотеки
"Ситуация непростая. Мы с супругой взяли ипотеку пять лет назад. В прошлом году она скончалась. Ипотека была оформлена на неё как на основного заёмщика, я — созаёмщик. Страховка была оформлена только на супругу. Как теперь правильно переоформить кредит? Должна ли страховая компания погасить долг?",Кредиты_и_ипотеки
"Приветствую. Я зарегистрировал самозанятость полгода назад, откладываю часть доходов. Хочу открыть ИИС, но читал, что для вычета типа А нужен официальный доход, облагаемый НДФЛ 13%. Самозанятые платят 4-6%, а не 13%. Это значит, что мне не подойдёт тип А? Стоит ли тогда открывать ИИС с типом Б или лучше просто обычный брокерский счёт?",Вклады_и_инвестиции
"хочу открыть вклад под хорошую ставку, что сейчас предлагаете?",Вклады_и_инвестиции
не могу найти где смотреть доходность по своему вкладу в приложении пжлст помогите,Вклады_и_инвестиции
структурный продукт условия,Вклады_и_инвестиции
"Приобрёл электроинструмент. Дрель не держит скорость при нагрузке, обороты падают до нуля. Это некомпетентная сборка.",Качество_товара_или_услуги
"Не получаю награды за просмотр рекламных роликов внутри игры. Смотрю полностью, жду до конца, а кристаллы не начисляются.",Гейминг_и_донат
"Добрый день! Мы производим профессиональную косметику для мастеров красоты. Хотим запустить рекламную кампанию, направленную на парикмахеров, мастеров маникюра и визажистов. Есть ли у вас площадки или партнёры, ориентированные на beauty-профессионалов?",Сотрудничество_и_реклама
"У вас на сайте написано, что ставка по вкладу «до 16% годовых». Пытаюсь открыть в приложении — максимум что вижу 13,5%. Где разница? Это только для новых клиентов? Или нужна какая-то промокарта или специальные условия? Хочу получить максимально выгодную ставку — подскажите как.",Вклады_и_инвестиции
После смены пароля не приходит письмо с подтверждением. Проверил спам — тоже пусто. Аккаунт сейчас недоступен.,Гейминг_и_донат
могу ли я иметь два ИИС одновременно,Вклады_и_инвестиции
можно ли закрыть вклад и сразу открыть новый на лучших условиях,Вклады_и_инвестиции
когда заканчивается срок моего вклада,Вклады_и_инвестиции
что такое купонный доход по облигациям,Вклады_и_инвестиции
Настоящим выражаю претензию по поводу качества оказанной услуги. Прошу рассмотреть данное обращение в установленные законом сроки.,Качество_товара_или_услуги
когда придут дивиденды по акциям Газпрома на мой брокерский счёт?,Вклады_и_инвестиции
могу ли я открыть вклад онлайн без посещения отделения?,Вклады_и_инвестиции
Ваша цена за рекламу?,Сотрудничество_и_реклама
Привет. Мы делаем натуральные средства для волос. Хотим предложить вашим читательницам тест-драйв нашей продукции — бесплатные наборы первым 50 заявкам. Взамен просим небольшой рекламный пост. Это будет честно и полезно для аудитории. Интересно?,Сотрудничество_и_реклама
"Скажите, пожалуйста, это вообще нормально — купить новый телефон, а динамик уже хрипит? Как это возможно?",Качество_товара_или_услуги
Ищем площадку для продвижения,Сотрудничество_и_реклама
"У нас ипотека оформлена в 2019 году, ставка 12.5%, сейчас предлагают ниже, стоит ли рефинансировать?",Кредиты_и_ипотеки
"Ситуация такая: взяла кредит на отпуск год назад, переплачиваю огромные суммы, хочу закрыть досрочно, но менеджер говорит что выгоды нет. Это правда?",Кредиты_и_ипотеки
"Хотим у вас рекламироваться. Мы онлайн-сервис для поиска репетиторов. Скажите, куда отправить предложение о сотрудничестве и к кому обратиться.",Сотрудничество_и_реклама
Перестало работать сразу,Качество_товара_или_услуги
Детская одежда вашего бренда полиняла после первой стирки при 30 градусах. Белая футболка стала розовой от красных носков.,Качество_товара_или_услуги
"Добрый день, подскажите пожалуйста. Я работаю в IT-компании, зарплата в долларах приходит на ваш счёт в рублях по курсу конвертации. Хочу часть сбережений хранить в валюте. Есть ли у вас долларовые или юаневые вклады? И какая там ставка? Слышал, что валютные вклады сейчас почти не дают процентов — это так?",Вклады_и_инвестиции
Здравствуйте! Мы небольшая IT-компания и хотим стать вашим технологическим партнёром. Готовы предложить разработку или доработку функционала вашего сайта в обмен на рекламное размещение. Это интересно вам?,Сотрудничество_и_реклама
"Уважаемая служба поддержки, в январе текущего года мной был открыт индивидуальный инвестиционный счёт типа А. Согласно действующему налоговому законодательству, я имею право на получение налогового вычета в размере 13% от внесённой суммы. Прошу уточнить: какие документы необходимо предоставить в налоговую инспекцию и может ли банк самостоятельно направить справку 2-НДФЛ в ФНС в электронном виде?",Вклады_и_инвестиции
В связи с выявленными недостатками в выполненных работах прошу направить специалиста для оценки и устранения дефектов.,Качество_товара_или_услуги
"Хочу оформить кредит на лечение, это потребительский или есть отдельный продукт?",Кредиты_и_ипотеки
"В общем, взял подписку на ваш сервис музыки, а качество звука даже на максималках — как из банки. Это фейл.",Качество_товара_или_услуги
"Добрый день. Мы организуем культурные события и фестивали. Ищем информационных партнёров, которые помогут с освещением мероприятий в обмен на аккредитацию, билеты и упоминание в наших материалах. Интересно ли вам такое взаимодействие?",Сотрудничество_и_реклама
Доброго времени суток. Хотела бы получить консультацию по гарантийному случаю — телевизор мигает экраном.,Качество_товара_или_услуги
Явный заводской брак,Качество_товара_или_услуги
хочу взять кредит,Кредиты_и_ипотеки
"Добрый день! Запускаем сервис психологической помощи онлайн. Тема чувствительная, поэтому нам важно правильное позиционирование. Ищем площадки с вдумчивой аудиторией, которой важна тема ментального здоровья. Можем ли мы обсудить формат нативной интеграции или спонсорства тематического контента?",Сотрудничество_и_реклама
"Ваш сервис — полное разочарование. Оплатил доступ к онлайн-тренировкам, половина видео в HD недоступна. Зачем я платил?",Качество_товара_или_услуги
Добрый день. Я работаю за рубежом и являюсь налоговым нерезидентом России. Могу ли я открыть вклад в вашем банке? Какие документы для этого нужны и есть ли какие-то ограничения по суммам или валюте? И отличается ли ставка для нерезидентов от ставки для граждан РФ?,Вклады_и_инвестиции
"Это уже полный беспредел. Я плачу за подписку каждый месяц, а серверы работают через раз. Сегодня опять вылетел с рейтингового матча, потерял очки — и это за мои деньги?! Хочу компенсацию за нестабильную работу сервиса!",Гейминг_и_донат
можно ли переоформить вклад на другого человека,Вклады_и_инвестиции
"ставко по депозиту изменилась без моего ведома, это законно??",Вклады_и_инвестиции
проценты когда начисляются,Вклады_и_инвестиции
не могу найти в приложении где посмотреть остаток долга по ипотеке,Кредиты_и_ипотеки
Можно ли подать заявку на ипотеку если я нахожусь за рубежом?,Кредиты_и_ипотеки
Привет! Мы запускаем сервис для удалённых команд — инструмент для планирования и коммуникации. Целевая аудитория — руководители и HR-специалисты компаний с удалёнными сотрудниками. Как лучше всего выйти на эту аудиторию через вашу платформу?,Сотрудничество_и_реклама
инвестиционный продукт выбрать,Вклады_и_инвестиции
можно ли купить паи ПИФа онлайн,Вклады_и_инвестиции
Вылет при старте,Гейминг_и_донат
"Скажите, какая у вас минимальная ставка по ипотеке на вторичное жильё прямо сейчас?",Кредиты_и_ипотеки
купил кейс за 150 рублей а он пустой??? это вообще нормально??? чтоли забыли туда предмет положить или это развод,Гейминг_и_донат
"Мне предлагают рефинансирование с кешбэком, это реально выгодно или маркетинг?",Кредиты_и_ипотеки
Привет подскажите как стать партнёром у вас нет понятной инфы на сайте уже час ищу,Сотрудничество_и_реклама
"Здравствуйте. Я являюсь давним пользователем вашего сервиса и хотел бы сообщить о систематической проблеме. На протяжении последних двух недель ежедневно в период с 20:00 до 23:00 наблюдаются значительные задержки в игровом процессе. Пинг возрастает с обычных 30 мс до 300-500 мс, что делает игру невозможной. Прошу проверить состояние серверной инфраструктуры.",Гейминг_и_донат
"Взял кредит год назад, хочу рефинансировать в другом банке по более низкой ставке, как получить справку об остатке долга?",Кредиты_и_ипотеки
"Мы небольшой книжный магазин, работаем уже 10 лет. В последнее время конкурируем с большими сетями и хотим привлечь новых читателей через интернет. Думаем о рекламе у вас, потому что видим, что у вас читающая, думающая аудитория. Есть ли у вас специальные условия для небольших культурных проектов?",Сотрудничество_и_реклама
почему сумма основного долга уменьшается так медленно при аннуитете,Кредиты_и_ипотеки
"Добрый день. Представляю федеральную сеть автошкол. В связи с изменениями в законодательстве о вождении мы ожидаем рост спроса и хотим заранее нарастить узнаваемость. Интересует размещение рекламных материалов и, возможно, создание полезного контента для начинающих водителей совместно с вашей редакцией.",Сотрудничество_и_реклама
акции купить начинающему,Вклады_и_инвестиции
"Здравствуйте. Мы разрабатываем CRM-систему для малого бизнеса. Продукт уже готов, есть пробный период. Хотим привлечь первых пользователей через рекламу на вашей платформе. Аудитория — предприниматели и руководители небольших компаний. Как можно начать сотрудничество?",Сотрудничество_и_реклама
"Взял потребительский кредит в прошлом году, хочу объединить его с ипотекой в один платёж.",Кредиты_и_ипотеки
накопительное страхование жизни,Вклады_и_инвестиции
как настроить автопополнение вклада,Вклады_и_инвестиции
"Слышал про IT-ипотеку под льготную ставку, я работаю в аккредитованной IT-компании, как подать заявку?",Кредиты_и_ипотеки
как посмотреть историю начисления процентов по депозиту?,Вклады_и_инвестиции
"Добрый день! Мы молодожёны, нам по 25 лет. Оба официально работаем уже три года, суммарный доход около 120 тысяч рублей в месяц. Хотим взять квартиру в ипотеку в новостройке, накопили на первый взнос 15% от стоимости. Не знаем с чего начать: нужно ли сначала выбрать квартиру или сначала получить одобрение банка? И стоит ли сначала подать заявку к вам?",Кредиты_и_ипотеки
подать заявку онлайн,Кредиты_и_ипотеки
"Купил конструктор для ребёнка. Детали не стыкуются — зазоры большие, постройки разваливаются. Производство явно с нарушениями допусков.",Качество_товара_или_услуги
Хочу купить апартаменты в Москве под ипотеку. Чем это отличается от обычной квартиры юридически?,Кредиты_и_ипотеки
"Здравствуйте. Хотим организовать совместный вебинар: вы приглашаете свою аудиторию, мы предоставляем спикеров-экспертов в области инвестиций. Тема актуальная, аудитория получит реальную пользу. Как вам такой формат партнёрства?",Сотрудничество_и_реклама
"Не работает функция голосового чата в игре. Микрофон определяется системой, в других приложениях всё в порядке.",Гейминг_и_донат
"Здравствуйте. Хотела бы рассмотреть возможность консолидации всех моих кредитов. На данный момент у меня три обязательства: ипотека в вашем банке, автокредит в другом банке и потребительский кредит. Ежемесячно на выплаты уходит более 60% дохода. Есть ли у вас программа объединения нескольких кредитов в один с более низким суммарным платежом?",Кредиты_и_ипотеки
"Это провал полный. Ролики купил, подшипники хрустят с первого выезда. Новые же, не б/у! Хочу нормальный товар.",Качество_товара_или_услуги
"Хочу узнать, можно ли продать квартиру которая в ипотеке и купить другую тоже в ипотеку.",Кредиты_и_ипотеки
"типа беру ипотеку первый раз вообще не понимаю что к чему, можно кто нибудь объяснит?",Кредиты_и_ипотеки
долг по ипотеке,Кредиты_и_ипотеки
Заказал у вас натяжной потолок. Одна секция провисла буквально через две недели. Прошу гарантийный выезд.,Качество_товара_или_услуги
"у меня накапительный счот, почему проценты не пришли в этом месяце???",Вклады_и_инвестиции
"Помогите разобраться с графиком платежей, непонятно почему сумма основного долга почти не уменьшается.",Кредиты_и_ипотеки
Бан без причины,Гейминг_и_донат
Ошибка при входе,Гейминг_и_донат
Здравствуйте! Хотели бы разместить нативный рекламный материал в вашем блоге. Как это организовать?,Сотрудничество_и_реклама
"У меня уже есть ипотека, могу ли я взять ещё одну на второй объект недвижимости?",Кредиты_и_ипотеки
Купил новые зимние шины у вас. После одного сезона на боковине появились трещины. Хранение по всем правилам.,Качество_товара_или_услуги
"Хотим предложить взаимный пиар: мы рекламируем вас в нашем канале на 50к подписчиков, вы нас — у себя.",Сотрудничество_и_реклама
Нативная реклама интересует,Сотрудничество_и_реклама
"Выдали не тот предмет из лутбокса. Судя по описанию, шанс выпадения нужного был 80%, но мне дали более редкий дешёвый предмет.",Гейминг_и_донат
"Мне 19 лет, начал работать, получаю первую нормальную зарплату. Хочу откладывать по 10-15 тысяч рублей в месяц. Читал разные статьи — одни говорят вклад в банке, другие говорят ИИС и акции. Помогите разобраться: если горизонт инвестирования 10+ лет, что выгоднее? И безопасно ли доверять такую сумму фондовому рынку в нынешней ситуации?",Вклады_и_инвестиции
Как подать на банкротство если есть ипотека? Потеряю ли квартиру?,Кредиты_и_ипотеки
Во время обновления клиента игра скачала какой-то дополнительный файл на 15 ГБ. Это нормально? Места на диске почти не осталось.,Гейминг_и_донат
Ваша пиццерия привезла пиццу с непропечённым тестом. Это не просто невкусно — это потенциально небезопасно.,Качество_товара_или_услуги
При оформлении кредита меня заставили открыть платный счёт. Это обязательно?,Кредиты_и_ипотеки
кредит без официального дохода,Кредиты_и_ипотеки
"Эй, купил у вас джойстик, он просто не определяется на PC вообще. Дрова ставил, всё перепробовал — не работает. Брак.",Качество_товара_или_услуги
"Уважаемая служба поддержки, прошу предоставить полный расчёт переплаты по действующему ипотечному кредиту, включая суммы начисленных процентов помесячно с момента заключения договора и до предполагаемой даты полного погашения. Данные необходимы для анализа целесообразности досрочного погашения.",Кредиты_и_ипотеки
"У меня срочный вопрос. Я пытаюсь вывести деньги с вклада на другой счёт уже два дня, но система выдаёт ошибку. Сумма 240 000 рублей. Вклад уже закрылся автоматически. Куда делись деньги и как их получить?",Вклады_и_инвестиции
хочу закрыть займ досрочно,Кредиты_и_ипотеки
снять накопления сейчас,Вклады_и_инвестиции
"интересует накопительный счёт, какая у вас доходность?",Вклады_и_инвестиции
"Ваши витаминные батончики содержат сахар на первом месте в составе, хотя на упаковке написано «без сахара». Это вводит в заблуждение.",Качество_товара_или_услуги
ошибка при пополнении,Гейминг_и_донат
зачем страховка по кредиту,Кредиты_и_ипотеки
"хочу перейти от депозита к акциям, насколько это рискованно?",Вклады_и_инвестиции
"Добрый день. У меня к вам нестандартный запрос. Я получаю зарплату в долларах (работаю на иностранную компанию удалённо), деньги поступают на счёт в SWIFT. Хочу часть сохранить в валюте, часть конвертировать в рубли и положить на вклад. Подскажите: есть ли у вас валютные накопительные счета? Каковы условия по конвертации — по какому курсу и есть ли комиссия? И насколько вообще сейчас безопасно держать доллары на счету в российском банке?",Вклады_и_инвестиции
налог с процентов по вкладу 2024,Вклады_и_инвестиции
Продукт оказался нерабочим,Качество_товара_или_услуги
"Купил велотренажёр, при сборке обнаружил, что одна педаль с трещиной. Эксплуатация опасна, прошу замены детали или тренажёра.",Качество_товара_или_услуги
"Обновление сломало мою любимую сборку персонажа. Нерф был неожиданным, нигде не анонсировался. Верните старые параметры.",Гейминг_и_донат
Здравствуйте! Представляю национальный туристический оператор. Планируем масштабную рекламную кампанию на следующий сезон. Ищем несколько ключевых площадок для долгосрочного партнёрства. Готовы обсудить эксклюзивные условия. Прошу связаться с нами для начала переговоров.,Сотрудничество_и_реклама
нет денег платить ипотеку,Кредиты_и_ипотеки
"Здравствуйте. Хочу разместить 700 тысяч рублей. Рассматриваю два варианта: вклад с капитализацией процентов на 1 год под 14,5% или накопительный счёт под 13% с возможностью снятия. Не могу сам посчитать разницу с учётом капитализации. Помогите сравнить реальную итоговую сумму через год для обоих вариантов?",Вклады_и_инвестиции
как выгоднее хранить деньги — на вкладе или накопительном счёте?,Вклады_и_инвестиции
Промокод не применяется,Гейминг_и_донат
"Газонокосилка вашего бренда не заводится уже на второй сезон, хотя хранилась по инструкции. Ресурс явно занижен.",Качество_товара_или_услуги
"Уважаемые коллеги! Наша организация занимается проведением образовательных конференций и форумов в сфере информационных технологий. В следующем году мы планируем провести крупное мероприятие с ожидаемой аудиторией более пяти тысяч участников. Мы рассматриваем вашу компанию в качестве потенциального генерального медиапартнёра. Данное партнёрство предполагает взаимное продвижение, размещение логотипа и упоминание бренда во всех рекламных материалах конференции, а также предоставление представителям вашей компании бесплатных билетов. Просим рассмотреть данное предложение и выйти с нами на связь для обсуждения деталей.",Сотрудничество_и_реклама
Чар удалён непонятно,Гейминг_и_донат
"Прошу провести официальную экспертизу качества товара, поскольку имеющиеся дефекты, по моему мнению, носят производственный характер.",Качество_товара_или_услуги
Заказала маникюр у вашего мастера. Уже на следующий день гель-лак начал отслаиваться на двух ногтях.,Качество_товара_или_услуги
"Купил боевой пропуск сезона, но награды за уровни не выдаются. Уже набрал 15 уровень, а ящики не открываются.",Гейминг_и_донат
когда придут проценты по моему депозиту?,Вклады_и_инвестиции
"хочу купить ОФЗ через ваш банк, как это сделать?",Вклады_и_инвестиции
кредит наличными срочно,Кредиты_и_ипотеки
"Сообщаю о систематических нарушениях качества предоставляемой услуги интернет-доступа, зафиксированных в периоды с указанными датами.",Качество_товара_или_услуги
"Добрый день! Я являюсь вашим клиентом уже более пяти лет и всегда размещал крупные суммы на депозитах. В прошлом месяце истёк срок моего трёхлетнего вклада, и банк автоматически пролонгировал его на новых условиях — ставка оказалась существенно ниже той, что была при открытии. Я не получил никакого уведомления об изменении условий. Прошу разобраться в ситуации и при необходимости расторгнуть договор без потери начисленных процентов.",Вклады_и_инвестиции
"Здравствуйте. В 2022 году я открыл ИИС и внёс 400 тысяч рублей, но так и не выбрал тип вычета — тип А или тип Б. Насколько я понял, новые правила с 2024 года изменили порядок работы ИИС. Подскажите: что происходит с моим старым счётом? Нужно ли мне что-то переоформлять? Могу ли я ещё получить вычеты за предыдущие годы?",Вклады_и_инвестиции
инвестировать с нуля советы,Вклады_и_инвестиции
Здравствуйте! Я менеджер по развитию партнёрств в крупном логистическом холдинге. Мы выходим на новые сегменты рынка и ищем медиапартнёров для повышения узнаваемости бренда. Прошу организовать встречу с вашим коммерческим отделом на следующей неделе.,Сотрудничество_и_реклама
"Хочу взять займ под залог имеющейся недвижимости, какова максимальная сумма и условия?",Кредиты_и_ипотеки
"Мне отказали в ипотеке, хотя у меня нормальная зарплата и нет просрочек. Почему так вышло?",Кредиты_и_ипотеки
"Наушники работают только из одного уха, хотя были запечатаны. Прошу обменять на исправные.",Качество_товара_или_услуги
"Хотим рекламироватся у вас, мы делаем класные товары для дома. Напишите сколка стоит и как быстра можно начать?",Сотрудничество_и_реклама
"Дорогой менеджер, я предприниматель и хочу сотрудничать с вами. Мой бизнес — онлайн-магазин handmade украшений. Небольшой, но с душой. Ищу возможность рассказать о себе вашей аудитории. Интересует любой формат — от обзора моих украшений до конкурса с призами. Готова предоставить украшения победителям бесплатно. Напишите, реально ли такое сотрудничество?",Сотрудничество_и_реклама
"Добрый день. Я представляю компанию, которая оказывает услуги бухгалтерского учёта онлайн. Ищем новые каналы привлечения клиентов среди предпринимателей. Хотим понять, насколько ваша аудитория пересекается с нашей целевой группой и какие форматы размещения вы предлагаете.",Сотрудничество_и_реклама
Здравствуйте! Мы хотим стать спонсором одного из ваших регулярных форматов. Наша компания занимается страхованием жизни и здоровья. Интересует возможность брендирования конкретной рубрики или подкаста. Как это оформить?,Сотрудничество_и_реклама
могу ли я открыть несколько вкладов одновременно?,Вклады_и_инвестиции
"наш бренд ищет коллабу, мы в инсте 100к+ пишите в лс обсудим детали",Сотрудничество_и_реклама
льготная ипотека семейная,Кредиты_и_ипотеки
В договоре написано что банк может потребовать досрочного погашения при продаже квартиры. Это правда?,Кредиты_и_ипотеки
"Привет! Мы создаём одежду из переработанных материалов и искренне верим в осознанное потребление. Хотим найти площадки, которые разделяют эти ценности. Нам важно не просто разместить рекламу, а рассказать настоящую историю нашего производства. Открыты к разным форматам.",Сотрудничество_и_реклама
В прошлом месяце участвовал в партнёрской программе и должен был получить внутриигровое вознаграждение за привлечение трёх новых игроков. Все три зарегистрировались по моей ссылке и дошли до нужного уровня. Награду до сих пор не получил.,Гейминг_и_донат
Покупка оказалась неисправной,Качество_товара_или_услуги
Обмен аудиторией предлагаем,Сотрудничество_и_реклама
"Прошу помочь с такой ситуацией: я развожусь, и нам с супругой нужно разделить совместно нажитое имущество. В том числе у нас есть вклад в вашем банке на сумму 600 000 рублей, оформленный на моё имя. Можем ли мы разделить этот вклад на два отдельных, открыв второй на имя жены? Как технически это оформить?",Вклады_и_инвестиции
купон не работает,Гейминг_и_донат
"Электрический чайник щёлкает, но не нагревает воду. Только что из магазина, уже неисправен.",Качество_товара_или_услуги
"Хочу сказать, что очень недовольна. Менеджер по телефону в прошлом году уговорил меня оформить накопительное страхование жизни, сказал что это как вклад только с защитой. Теперь выясняется, что это страховой продукт, а не вклад, и АСВ его не покрывает. Я пожилой человек, мне 71 год, не очень разбираюсь в финансах. Прошу помочь разобраться с условиями этого договора и подскажите — можно ли его расторгнуть и сколько денег я получу обратно?",Вклады_и_инвестиции
безопасно ли хранить деньги в банке сейчас,Вклады_и_инвестиции
"Приобрёл смартфон, однако экран начал мерцать с первого включения. Прошу принять меры.",Качество_товара_или_услуги
"ок слушайте ну и зачем вы одобряете меньше суммы чем я просил, логики ноль",Кредиты_и_ипотеки
"качесто ужасное даже не ожидал такого от вас, раньше было лучше",Качество_товара_или_услуги
"Пишу в расстроенных чувствах. Я давно являюсь вашим клиентом и за эти годы привык доверять качеству вашей продукции. Тем неприятнее осознавать, что последняя покупка — зимняя куртка из новой коллекции — оказалась ниже всякого уровня. Молния на правом кармане заедает с первого дня. Пух неравномерно распределён, в районе плеч образовались пустые зоны без наполнителя, что делает куртку фактически бесполезной в мороз. При этом стоимость изделия в вашем магазине относится к премиальному сегменту. Прошу принять куртку назад и вернуть полную стоимость без каких-либо вычетов.",Качество_товара_или_услуги
"Хочу открыть вклад с ежемесячными выплатами. Мне принципиально важно, чтобы проценты приходили на карту каждый месяц, а не в конце срока. Какой из ваших продуктов подойдёт и какова максимальная ставка при таком условии?",Вклады_и_инвестиции
"Здравствуйте. У меня проблема с двойным списанием. 20-го числа пополнял баланс на 500 рублей через телефон 8999***, и деньги списались дважды. Второй раз явно ошибочно. Прошу вернуть 500 рублей.",Гейминг_и_донат
Здравствуйте! Представляю независимое музыкальное издательство. Мы выпускаем альбомы молодых российских исполнителей. Ищем медиапартнёров для поддержки независимой музыки. Интересует возможность регулярных публикаций о наших артистах на вашем ресурсе.,Сотрудничество_и_реклама
"Обращаюсь по следующему вопросу. Мы планируем развод с мужем. Квартира куплена в ипотеку в браке, оба являемся созаёмщиками. Муж хочет оставить квартиру себе и брать на себя кредит. Я хочу выйти из числа заёмщиков. Возможно ли переоформление ипотеки только на одного человека? Нужно ли согласие банка и как долго длится эта процедура?",Кредиты_и_ипотеки
"Рассматриваем возможность кросс-промоушена. Скажите, работаете ли вы в этом направлении с внешними брендами?",Сотрудничество_и_реклама
"Обратился за услугой ремонта, мастер сделал работу некачественно — проблема вернулась через неделю.",Качество_товара_или_услуги
"Здравствуйте, меня интересует следующий вопрос: если я куплю премиальный аккаунт сейчас, а через месяц выйдет новый сезон, сохранятся ли мои привилегии или нужно будет снова платить?",Гейминг_и_донат
"Добрый день. Обращаюсь по вопросу качества услуг, оказанных вашей клининговой компанией. Я заказал генеральную уборку квартиры 78 кв. м. Бригада из двух человек работала около пяти часов, и по итогу я обнаружил, что санузел был убран лишь поверхностно — известковый налёт на смесителях остался, плитка в углах не отчищена, за унитазом не помыто вовсе. Кухонная вытяжка снаружи протёрта, но фильтр внутри не тронут, хотя это прямо прописано в договоре на генеральную уборку. Прошу либо выслать бригаду для устранения недостатков, либо произвести частичный возврат стоимости.",Качество_товара_или_услуги
"Привет! Мы сервис по аренде самокатов в нашем городе. Хотим запустить промо-акцию совместно с вами: ваши читатели получают промокод на бесплатные поездки, мы получаем новых пользователей. Как вам такая идея? Готовы обсудить!",Сотрудничество_и_реклама
ETF купить через приложение,Вклады_и_инвестиции
"Хочу взять ипотеку, но официально не трудоустроен, работаю как самозанятый уже два года.",Кредиты_и_ипотеки
"Пишу по поводу странной ситуации с моей ипотекой. Я исправно плачу уже 5 лет, ни одной просрочки. Решил подать на рефинансирование внутри того же банка — мне отказали без объяснения причин. При этом посторонние банки готовы предложить мне ставку ниже. Получается, лояльных клиентов вы не цените? Прошу пересмотреть решение.",Кредиты_и_ипотеки
как получить повышенную ставку по вкладу для зарплатных клиентов,Вклады_и_инвестиции
не грузится игра,Гейминг_и_донат
"Добрый день. Мы организуем спортивные соревнования для любителей. Ищем спонсоров и партнёров для наших мероприятий. Взамен предлагаем размещение логотипа, упоминание с главной сцены и охват нескольких тысяч участников и зрителей.",Сотрудничество_и_реклама
взял кредит 200к год назад переплата уже 40к это норм вообще?,Кредиты_и_ипотеки
Добрый день. У меня такой вопрос: мы с партнёром — не в официальном браке — хотим совместно взять ипотеку. Возможно ли это? Может ли гражданский супруг выступить созаёмщиком? Какие риски при этом возникают с юридической точки зрения и как их минимизировать при оформлении?,Кредиты_и_ипотеки
капитализация процентов ежемесячно,Вклады_и_инвестиции
что будет с вкладом если банк обанкротится,Вклады_и_инвестиции
при досрочном закрытии вклада потеряю ли я все начисленные проценты?,Вклады_и_инвестиции
ИИС что такое,Вклады_и_инвестиции
"Хотела оформить кредитные каникулы, но в приложении нет такой функции, куда мне обратиться?",Кредиты_и_ипотеки
"Покупал монеты через Google Pay. Оплата прошла успешно, но в игре пишет ошибку транзакции. Деньги ушли, монет нет.",Гейминг_и_донат
"Нахожусь в декрете, второй ребёнок, можем ли мы с мужем воспользоваться семейной ипотекой?",Кредиты_и_ипотеки
"Привет! Мы создаём приложение для медитаций и управления стрессом. Уже есть 10 тысяч пользователей, хотим расти дальше. Ищем партнёров среди ресурсов о здоровом образе жизни и ментальном благополучии. Есть ли возможность для нативного партнёрства?",Сотрудничество_и_реклама
получил бан за то чего не делал. пишу уже в 5й раз. устал объяснять одно и тоже каждому новому оператору. хочу чтобы мой тикет передали старшему,Гейминг_и_донат
Потерял прогресс,Гейминг_и_донат
"Можно ли совершать покупки без привязки карты? Хочу платить через кошелёк, но не вижу такой опции в настройках оплаты.",Гейминг_и_донат
Товар пришёл испорченным,Качество_товара_или_услуги
прочитал про программу долгосрочных сбережений с господдержкой. как подключиться?,Вклады_и_инвестиции
Всё сломалось быстро,Качество_товара_или_услуги
"Подал на ипотеку, получил одобрение, но через неделю одобрение отозвали без объяснений. Что делать?",Кредиты_и_ипотеки
первоначальный взнос ипотека,Кредиты_и_ипотеки
Хотим стать вашим рекламным партнёром,Сотрудничество_и_реклама
как работает реинвестирование процентов,Вклады_и_инвестиции
как рефинансировать кредит,Кредиты_и_ипотеки
долг передан коллекторам,Кредиты_и_ипотеки
"Привет! Мы агентство по подбору нянь и гувернёров. Наша целевая аудитория — семьи с детьми. Думаем, у вас есть похожие читатели. Как можно организовать рекламное размещение? Есть ли возможность сначала попробовать небольшой тест?",Сотрудничество_и_реклама
Пишу потому что очень переживаю. Муж взял потребительский кредит без моего ведома на 600 000 рублей. Мы в официальном браке. Теперь он не может платить и банк прислал письмо с угрозами. Могут ли взыскать этот долг с меня? Является ли этот кредит совместным долгом супругов? Куда мне обращаться?,Кредиты_и_ипотеки
"Здравствуйте. Я ИП, хочу открыть отдельный накопительный счёт для бизнес-резервов — чтобы деньги не лежали на расчётном счёте без дела, а приносили хоть какой-то доход. Возможно ли это для ИП? Какие условия по процентной ставке и есть ли ограничения по сумме или срокам пополнения и снятия?",Вклады_и_инвестиции
"Уже третью неделю пытаюсь решить один и тот же вопрос — не могу получить предмет, который выиграл в ивенте. Каждый раз операторы говорят 'ждите', но ничего не происходит. Прошу escalate мой тикет и дать конкретный ответ.",Гейминг_и_донат
хочу вложить деньги на 5 лет и забыть — что посоветуете,Вклады_и_инвестиции
"Купил проектор для домашнего кинотеатра. Через месяц появились пятна на изображении — видимо, пыль попала на матрицу изнутри.",Качество_товара_или_услуги
у меня ипотека и я потерял работу помогите с каникулами,Кредиты_и_ипотеки
золото купить в банке,Вклады_и_инвестиции
Есть ли смысл платить ипотеку вперёд если ставка фиксированная?,Кредиты_и_ипотеки
"мой вклад заканчивается через неделю, как продлить автоматически?",Вклады_и_инвестиции
брокерский счёт открыть,Вклады_и_инвестиции
"Блин, это уже четвёртый раз когда у меня пропадает донат после оплаты! Карта *3456 уже несколько раз страдала. Сколько можно терпеть эти баги? Требую немедленно разобраться и вернуть все средства за все случаи!",Гейминг_и_донат
"Система постоянно выкидывает меня из игры с кодом ошибки 4028. Это происходит случайно, иногда в начале матча, иногда в середине. Нашёл на форуме упоминания этой ошибки, но решения так и не нашёл. Прошу помочь.",Гейминг_и_донат
"Заказал онлайн-курс по программированию. Половина видеоуроков не воспроизводится, а те что воспроизводятся — низкого разрешения.",Качество_товара_или_услуги
"Дайте пожалуйста контакт менеджера по ипотеке, хочу всё обсудить голосом.",Кредиты_и_ипотеки
Добрый день. Я представляю производителя экипировки для зимних видов спорта. Перед лыжным сезоном хотим запустить рекламную кампанию. Аудитория — любители горных лыж и сноуборда. Есть ли у вас тематические разделы или форматы для такой аудитории?,Сотрудничество_и_реклама
Не пришёл донат,Гейминг_и_донат
Подписка на антивирус не защитила от вредоносного ПО — троян проник несмотря на активную защиту. Деньги за подписку выброшены.,Качество_товара_или_услуги
"Здравствуйте. Объясню ситуацию подробно, так как она нестандартная. Я купил игровую валюту в стороннем авторизованном магазине-партнёре. Мне выдали код активации. При вводе кода система написала 'успешно активировано', но валюта не поступила. Когда я обратился к партнёру, они сказали что проблема на вашей стороне и направили ко мне к вам. Когда я написал сюда в первый раз, меня перенаправили к партнёру. Прошу прекратить это 'пинание' и решить вопрос: у меня есть чек из магазина и скриншот с подтверждением активации кода.",Гейминг_и_донат
"Купленный у вас пылесос уже на второй неделе начал терять всасывающую мощность. Фильтры чистые, проблема в технике.",Качество_товара_или_услуги
"Здравствуйте! Мы небольшая ферма, выращиваем органические овощи. Хотим найти новых покупателей и готовы рассказать историю нашего производства. Интересует публикация о нас или реклама в разделе, связанном с едой и здоровьем.",Сотрудничество_и_реклама
"Хочу рассказать о проблеме, с которой столкнулся впервые за годы игры. Зашёл сегодня в клановые войны и обнаружил, что мой клан исчез. Совсем. Нет в списке, нет в поиске. Я был основателем клана, у нас было 45 активных участников, мы занимали 3-е место в региональном рейтинге. Несколько участников клана написали мне и спрашивают что происходит. По всей видимости, это баг после вчерашнего обновления. Прошу срочно восстановить клан со всеми данными и рейтингом.",Гейминг_и_донат
"Заказал корпоративную полиграфию. Логотип на визитках распечатан не по центру, а часть тиража с полосами от картриджа.",Качество_товара_или_услуги
Мы занимаемся производством товаров для спорта. Хотели бы разместить рекламу у вас. Пришлите прайс.,Сотрудничество_и_реклама
"Помогите разобраться в одной ситуации. Я несколько лет назад купила структурный продукт в вашем банке на 300 000 рублей, срок заканчивается через два месяца. Когда оформляла, менеджер говорил, что «капитал защищён» и «доходность до 25%». Сейчас я смотрю в приложение и вижу, что итоговая сумма к получению равна ровно тем же 300 000 рублей, что я вложила. То есть за три года ноль дохода? Это правильно или произошла какая-то ошибка?",Вклады_и_инвестиции
"Здравствуйте! Я фрилансер и хочу больше клиентов. Веду блог о графическом дизайне. Хочу попробовать рекламу, но опыта пока нет. Посоветуйте, с чего начать и какой минимальный бюджет нужен для старта.",Сотрудничество_и_реклама
рассчитать ежемесячный платёж,Кредиты_и_ипотеки
Добрый день! Представляю рекрутинговое агентство. Хотим разместить у вас серию публикаций о трендах рынка труда с нашим брендингом. Материалы будут действительно полезны для соискателей и работодателей. Интересует ли вас такой формат нативного контента?,Сотрудничество_и_реклама
Планшет завис намертво уже на этапе первоначальной настройки. Перезагрузки не помогают. Это брак прошивки или железа.,Качество_товара_или_услуги
Хотим взаимопиар,Сотрудничество_и_реклама
"Я нахожусь в декретном отпуске, муж — единственный кормилец. Как нам получить ипотеку в такой ситуации?",Кредиты_и_ипотеки
Хочу изменить регион аккаунта. В текущем регионе плохие серверы и высокий пинг. Как это сделать без потери прогресса?,Гейминг_и_донат
кредит под залог,Кредиты_и_ипотеки
"Привет! Я блогер-путешественник, веду влог уже 3 года. Недавно открыл для себя ваш проект и думаю, что наши аудитории очень похожи. Хотел бы предложить взаимовыгодное сотрудничество. Могу сделать обзор о вас для своей аудитории, если вы расскажете о моём канале своей. Что думаете?",Сотрудничество_и_реклама
"Получл телефон — экран весь в пикселях мёртвых, возврат",Качество_товара_или_услуги
ДЕНЬГИ СПИСАЛИ А КРИСТАЛЛОВ НЕТ!!! уже написал три раза никто не отвечает это вообще законно?!,Гейминг_и_донат
"Привет! Хочу разместить рекламу своей онлайн-школы английского языка. Уже занимаюсь репетиторством 5 лет, теперь запускаю групповые курсы. Аудитория — взрослые от 25 лет, которые хотят английский для карьеры или путешествий. Как начать с вами работу?",Сотрудничество_и_реклама
вклад в валюте открыть,Вклады_и_инвестиции
как диверсифицировать портфель в 2024 году,Вклады_и_инвестиции
"Оплатил подписку через карту *5678, деньги ушли, статус подписки до сих пор 'неактивна'. Прошло уже 4 часа.",Гейминг_и_донат
Как разместить баннер?,Сотрудничество_и_реклама
"Товар пришёл с царапиной, это недопустимо для нового изделия. Прошу заменить или вернуть средства.",Качество_товара_или_услуги
"Мой кредит уже погашен год назад, но в бюро кредитных историй он до сих пор числится открытым.",Кредиты_и_ипотеки
какие бумаги купить для пассивного дохода,Вклады_и_инвестиции
"Банк прислал уведомление о повышении ставки по кредиту, разве это законно по действующему договору?",Кредиты_и_ипотеки
Поломка на второй день,Качество_товара_или_услуги
"Здравствуйте! Компания производит уходовую косметику на натуральных компонентах. Хотим наладить сотрудничество с вашим ресурсом. Готовы предоставить продукцию для тестирования редакцией, организовать профессиональные фотосессии и подготовить качественные тексты. Просим рассказать о ваших требованиях к партнёрским материалам.",Сотрудничество_и_реклама
"Я хотел купить только один предмет, но система списала стоимость целого набора. Прошу вернуть разницу или компенсировать.",Гейминг_и_донат
облигации федерального займа купить,Вклады_и_инвестиции
"Пишу вам в отчаянии. Полгода назад потерял работу, три месяца не мог платить ипотеку. За это время накопился долг и пени. Сейчас нашёл новую работу, готов платить, но сумма долга огромная. Банк угрожает обращением в суд. Можно ли как-то урегулировать эту ситуацию: реструктурировать долг, списать часть штрафов? Очень прошу пойти навстречу.",Кредиты_и_ипотеки
"Одобрили ипотеку, но сумма оказалась на 500 тысяч меньше, чем я запрашивал. Можно ли её увеличить?",Кредиты_и_ипотеки
"Обращаюсь повторно. В прошлый раз мне пообещали решить проблему с бракованным миксером, но ничего не произошло.",Качество_товара_или_услуги
объясните разницу между ИИС типа А и типа Б простыми словами.,Вклады_и_инвестиции
Если я куплю квартиру в ипотеку и захочу её продать через год — это возможно?,Кредиты_и_ипотеки
"Приветствую! Я представитель благотворительного фонда, который помогает детям с тяжёлыми заболеваниями. Мы ищем информационных партнёров для продвижения наших акций и сбора средств. Понимаю, что у вас коммерческая платформа, но, возможно, есть возможность партнёрства на льготных условиях или pro bono? Либо мы можем предложить в обмен упоминание вашей компании как социально ответственного партнёра в наших материалах и на сайте. Надеюсь на понимание и отклик!",Сотрудничество_и_реклама
"Рассматриваем различные каналы продвижения. Вышлите, пожалуйста, медиакит и прайс-лист на рекламные форматы.",Сотрудничество_и_реклама
"Здравствуйте. Я пенсионерка, 68 лет, дочь помогла мне установить ваше приложение на телефон. Хочу положить деньги на депозит — у меня есть сбережения около 400 тысяч рублей. Подскажите, какой вклад лучше выбрать для пожилого человека, чтобы проценты приходили каждый месяц на карту? И застрахованы ли мои деньги, если с банком что-то случится?",Вклады_и_инвестиции
когда уже одобрят мой крдит прошло уже 5 дней,Кредиты_и_ипотеки
"Хочу подарить другу подписку на год. Как оформить подарок, если его аккаунт зарегистрирован в другом регионе?",Гейминг_и_донат
"Дочь посоветовала мне перевести часть пенсионных накоплений в негосударственный пенсионный фонд. Говорит, что там доходность выше. Подскажите, ваш банк предлагает НПФ? И как понять, надёжный ли это вариант? Мне 55 лет, до пенсии ещё несколько лет, не хочу рисковать накоплениями всей жизни.",Вклады_и_инвестиции
Арена заблокирована почему-то,Гейминг_и_донат
"Я пытался самостоятельно разобраться в вашем приложении, но запутался. Нажал «открыть вклад», заполнил форму, нажал «подтвердить» — пришёл код СМС, я его ввёл. Но в разделе «Мои продукты» вклад не появился. Деньги с карты не списались. Что произошло? Вклад открылся или нет?",Вклады_и_инвестиции
"Хочу увеличить сумму уже одобренного кредита, возможно ли это без повторной заявки?",Кредиты_и_ипотеки
здраствуйте хачу взять ипатеку но не знаю с чего начать помагите пожалуйста,Кредиты_и_ипотеки
"слышал, что вклады застрахованы до 1,4 млн — это правда и как это работает?",Вклады_и_инвестиции
"Вызвал электрика из вашей службы. Он поменял розетку, но теперь в комнате вырубает автомат при включении любого прибора.",Качество_товара_или_услуги
не пришло уведомление о платеже,Кредиты_и_ипотеки
"аккаунт забанили ни за что, я вообще не читерил, все мои друзья могут подтвердить, РАЗБАНЬТЕ ПЛИЗ",Гейминг_и_донат
Задание сломано,Гейминг_и_донат
Добрый день. Наша компания оказывает услуги в сфере кибербезопасности для малого и среднего бизнеса. В связи с ростом числа кибератак спрос на наши услуги растёт. Хотим рассказать об этом предпринимателям через рекламу на вашей платформе.,Сотрудничество_и_реклама
"Привет, мы стартап из сферы EdTech, запускаем платформу для изучения иностранных языков. У нас крутой продукт, но нам нужен буст в плане узнаваемости. Думаем над разными форматами продвижения — от банальных баннеров до совместных прямых эфиров или интерактивных квизов. Хотим что-то нестандартное, что реально зацепит аудиторию. Есть у вас опыт подобных проектов? Готовы обсудить и придумать что-то интересное вместе!",Сотрудничество_и_реклама
задержали зарплату нечем платить,Кредиты_и_ипотеки
"Привет! Мы агентство контент-маркетинга и предлагаем вам сотрудничество: мы пишем для вас качественный контент на постоянной основе, вы размещаете наш рекламный блок в нескольких материалах. Стандартная схема, но работает хорошо. Обсудим?",Сотрудничество_и_реклама
"Слышал, что можно взять кредитные каникулы на 6 месяцев по закону. У меня ИП, подхожу ли я?",Кредиты_и_ипотеки
не запускается клиент,Гейминг_и_донат
"При каждом входе в матч игра вылетает на моменте загрузки карты. Переустановка не помогла, система требования соответствует.",Гейминг_и_донат
Новая швейная машинка пропускает стежки через каждые несколько сантиметров. Нити правильно заправлены — дело в технике.,Качество_товара_или_услуги
"Привет! Мы — команда молодых дизайнеров, запустили свой бренд одежды буквально несколько месяцев назад. Очень хотим заявить о себе, но бюджеты пока скромные. Слышали, что у вас можно договориться о бартере: мы даём вам нашу одежду, вы рассказываете о нас своей аудитории. Это реально? Как вообще выглядит процесс такого сотрудничества? Напишите, очень интересно!",Сотрудничество_и_реклама
"хочу начать инвестировать, с чего лучше стартовать новичку?",Вклады_и_инвестиции
"Добрый день. Хочу сообщить о проблеме, которая возникла после установки вашего программного обеспечения. Я приобрёл лицензию на бухгалтерскую программу для малого бизнеса. После установки выяснилось, что модуль формирования отчётности не работает корректно: при попытке сформировать декларацию программа зависает и закрывается с ошибкой. Я обратился в техподдержку, прошёл несколько итераций переустановки и настройки, но проблема воспроизводится стабильно. Наш бухгалтер не может использовать программу по назначению, хотя лицензия оплачена в полном объёме. Прошу либо исправить ошибку в ближайшее время, либо расторгнуть договор и вернуть деньги.",Качество_товара_или_услуги
Представляю ассоциацию малого бизнеса нашего региона. Мы ищем медиапартнёров для освещения деятельности наших членов и продвижения инициатив в поддержку предпринимательства. Возможно ли некоммерческое партнёрство или публикации на льготных условиях?,Сотрудничество_и_реклама
"Добрый день! Я руководитель отдела маркетинга в компании, которая производит корпоративные подарки. Предновогодний сезон уже близко, и мы хотим запустить рекламную кампанию. Интересует охват корпоративных покупателей. Пожалуйста, пришлите актуальный медиакит.",Сотрудничество_и_реклама
лагает всё,Гейминг_и_донат
"Прошу разобраться с ситуацией. Мне 35 лет, работаю на государственной службе, доход стабильный, кредитная история чистая. Подал заявку на ипотеку на 3.2 миллиона рублей на 20 лет. Получил отказ. Никаких комментариев банк не дал. Хочу знать причину отказа и что мне нужно исправить для повторной подачи.",Кредиты_и_ипотеки
"Оформил ипотеку на загородный дом, страховщик отказывается страховать объект. Что делать?",Кредиты_и_ипотеки
Сменные картриджи для вашего принтера дают полосатую печать. При этом уровень чернил полный. Явный дефект картриджа.,Качество_товара_или_услуги
ставка 6.5% по льготной ипотеке,Кредиты_и_ипотеки
"Добрый день! Я директор по развитию в компании, которая производит профессиональное кухонное оборудование. Хотим выйти на аудиторию рестораторов и шеф-поваров. Как можно организовать точечное рекламное размещение с охватом профессиональной кухонной аудитории?",Сотрудничество_и_реклама
"Написал в поддержку 5 дней назад, автоответ пришёл, больше ничего. Вопрос до сих пор не решён. Когда будет ответ?",Гейминг_и_донат
"Можно ли использовать дальневосточную ипотеку для строительства дома, а не покупки готового?",Кредиты_и_ипотеки
"я открыл брокерский счёт, но не понимаю как купить первую акцию — помогите.",Вклады_и_инвестиции
Как разместить нативную рекламу?,Сотрудничество_и_реклама
Изделие разваливается в руках,Качество_товара_или_услуги
"Меня зовут Алексей К., я основатель IT-компании. Хочу предложить вам обмен экспертизой: мы даём вашей редакции бесплатные консультации по digital-стратегии и техническим вопросам, вы публикуете колонку нашего эксперта раз в месяц. Мне кажется, это интересный формат без прямой рекламы, но с пользой для вашей аудитории.",Сотрудничество_и_реклама
заявка на заём отклонена,Кредиты_и_ипотеки
Вернуть деньги за покупку,Гейминг_и_донат
"Взял пробник вашего корма для собак — животное отказалось есть, хотя обычно ест всё. Состав и запах вызывают вопросы.",Качество_товара_или_услуги
"Купил гемов, нет",Гейминг_и_донат
купить облигации банка,Вклады_и_инвестиции
"Пишу как довольно опытный инвестор. Держу у вас брокерский счёт и ИИС. Хочу уточнить несколько технических моментов. Во-первых, есть ли у вас возможность маржинального кредитования на брокерском счёте и какова ставка? Во-вторых, поддерживает ли ваша платформа выставление стоп-лоссов и тейк-профитов по акциям? И наконец — можно ли на ИИС торговать валютой или только ценными бумагами?",Вклады_и_инвестиции
Вещь не соответствует фото,Качество_товара_или_услуги
ДАЙТЕ МНЕ КРЕДИТ ПОЖАЛУЙСТА,Кредиты_и_ипотеки
"залип на калькуляторе ипотеки, итого переплата за 20 лет — это же в 2 раза больше квартиры 😱",Кредиты_и_ипотеки
Интересует ли вас совместная акция? Мы можем предложить скидки нашим клиентам на ваши услуги.,Сотрудничество_и_реклама
Задание не засчиталось,Гейминг_и_донат
"Хочу рассказать о своём крайне неприятном опыте. Около двух месяцев назад я приобрёл у вас электрическую зубную щётку за весьма значительную сумму. В первые дни она работала нормально, однако примерно через три недели режим интенсивной чистки перестал включаться. Я обратился в сервисный центр, где мне сказали, что это производственный дефект и щётку заменят. Замена заняла больше трёх недель, и когда мне вернули прибор — снова тот же самый дефект. Я считаю, что изначально товар был выпущен с систематическим браком, и прошу провести проверку партии.",Качество_товара_или_услуги
"Приобрёл у вас б/у автомобиль. Через неделю выяснилось, что реальный пробег значительно превышает заявленный при продаже.",Качество_товара_или_услуги
"Участвовал в турнире, занял призовое место, но внутриигровое вознаграждение не было зачислено. Есть скриншот с результатами.",Гейминг_и_донат
"Добрый день. Я являюсь клиентом вашего банка с 2015 года, за это время пользовался депозитами, картами и брал кредиты, всегда погашал в срок. Сейчас хочу взять ипотеку, и мне важно понять: учитывается ли история взаимоотношений с банком при принятии решения и предусмотрены ли какие-то преференции для лояльных клиентов?",Кредиты_и_ипотеки
"Здравствуйте! Хочу предложить вам партнёрство. У меня есть телеграм-канал по личным финансам, около 15 тысяч живых подписчиков с хорошей вовлечённостью. Ищу бренды для долгосрочного сотрудничества, не разовых интеграций. Готов создавать честный, полезный контент без агрессивной рекламы. Если ваш продукт подходит моей аудитории — напишите, обсудим условия.",Сотрудничество_и_реклама
Продукт не работает,Качество_товара_или_услуги
"Объясните простыми словами: что произойдёт с моим вкладом, если у банка отзовут лицензию? Читал, что АСВ выплачивает страховку — но как долго это занимает? Я могу вообще потерять доступ к деньгам на несколько месяцев?",Вклады_и_инвестиции
Подключился к вашей облачной бухгалтерии. Данные синхронизируются с задержкой в несколько часов — это критично для работы.,Качество_товара_или_услуги
военная ипотека оформить,Кредиты_и_ипотеки
"Мне одобрили кредит, но не объяснили зачем нужна страховка, отключите её.",Кредиты_и_ипотеки
Добрый день! Наша компания занимается корпоративным питанием. В связи с ростом числа удалённых сотрудников мы запускаем новый сервис доставки обедов в офисы. Хотим донести информацию до HR-специалистов и руководителей компаний. Есть ли у вас возможность точечной работы с такой аудиторией?,Сотрудничество_и_реклама
Предлагаем партнёрство на взаимовыгодных условиях. Готовы обсудить детали при удобном для вас случае.,Сотрудничество_и_реклама
"Купил кроссовки, через неделю подошва начала отходить от носка. Явный брак клея или швов.",Качество_товара_или_услуги
баг в магазине,Гейминг_и_донат
Могу ли я взять ипотеку на коммерческую недвижимость как физическое лицо?,Кредиты_и_ипотеки
ПОЧЕМУ МНЕ ОТКАЗАЛИ В КРЕДИТЕ??? Я РАБОТАЮ ОФИЦИАЛЬНО УЖЕ 7 ЛЕТ ЗАРПЛАТА БЕЛАЯ НИКАКИХ ДОЛГОВ НЕТ. ЭТО ВООБЩЕ НОРМАЛЬНО??,Кредиты_и_ипотеки
Изделие плохого качества,Качество_товара_или_услуги
"Полный брак, разочарован",Качество_товара_или_услуги
"Планирую инвестировать в недвижимость, хочу взять ипотеку на инвестиционную квартиру. Отличаются ли условия?",Кредиты_и_ипотеки
"Здравствуйте! Я руководитель небольшой команды, которая делает онлайн-курсы по рисованию. Наши курсы уже прошли более двух тысяч учеников, и отзывы очень хорошие. Хотим масштабироваться и ищем партнёров для продвижения. Думаю, совместный мастер-класс или конкурс рисунков был бы интересен вашей аудитории. Открыты к любым форматам!",Сотрудничество_и_реклама
Новый диван сразу начал деформироваться в районе сиденья. Пенный наполнитель явно низкого качества.,Качество_товара_или_услуги
"Настоящим информирую о факте поставки продукции, не соответствующей требованиям ГОСТ, что подтверждено результатами независимой экспертизы.",Качество_товара_или_услуги
"Не знаю, куда ещё писать. Купленный у вас нож затупился после второго использования. Ерунда какая-то, а не качество.",Качество_товара_или_услуги
"Приходил мастер по ремонту стиральной машины. Взял оплату, ушёл. Машина продолжает течь точно так же как и до ремонта.",Качество_товара_или_услуги
"Подскажите, как связаться с живым оператором? Бот в чате не понимает мой вопрос и постоянно предлагает нерелевантные статьи.",Гейминг_и_донат
хочу узнать про ИИС для получения вычета,Вклады_и_инвестиции
"После покупки сезонного контента некоторые карты оказались недоступны. В описании было указано, что они входят в набор.",Гейминг_и_донат
ипотека с плохой историей,Кредиты_и_ипотеки
Читер в матче,Гейминг_и_донат
Обращаюсь по вопросу использования материнского капитала. Мы хотим направить средства МСК на досрочное погашение ипотеки. У нас трое детей. Нужно ли выделять доли детям сразу или можно сделать это после погашения? Какие документы требуются от банка для Пенсионного фонда?,Кредиты_и_ипотеки
"Случайно удалил персонажа, на которого потратил много времени и средств. Возможно ли восстановление через службу поддержки?",Гейминг_и_донат
"Добрый день. Я гражданин России, но постоянно проживаю в другой стране. Имею вид на жительство там. Могу ли я, как нерезидент, оформить ипотеку на недвижимость в России? Планирую приобрести квартиру в Москве для сдачи в аренду и периодического проживания во время визитов.",Кредиты_и_ипотеки
взять ипотеку без справок,Кредиты_и_ипотеки
"Мне посоветовали посмотреть на паевые инвестиционные фонды как альтернативу вкладу. Я понимаю, что это рискованнее, но интереснее. У вас есть собственные ПИФы? Какова комиссия за управление и как часто можно покупать и продавать паи? Есть ли минимальный срок владения?",Вклады_и_инвестиции
займ на автомобиль,Кредиты_и_ипотеки
"При пополнении кошелька приложение постоянно возвращает ошибку 'сессия истекла', хотя я только что вошёл в систему.",Гейминг_и_донат
прокачал персонажа до максимума потратил кучу донатов и тут оп — всё обнулилось. просто замечательно. спасибо большое,Гейминг_и_донат
"Добрый день. Обращаюсь по поводу обезличенного металлического счёта. Три года назад открыл ОМС на золото, сейчас хочу продать. Подскажите: по какому курсу вы производите выкуп — по биржевому или по внутреннему курсу банка? Есть ли разница между курсом покупки и продажи? И нужно ли мне платить НДФЛ с полученной прибыли?",Вклады_и_инвестиции
"Уважаемая команда поддержки. Хочу сообщить о критической ошибке в системе оплаты. При покупке набора за 999 рублей система сначала показала ошибку и предложила повторить попытку. Я нажал повторно — опять ошибка. В итоге зашёл через час, всё купил нормально. Но потом открыл банковское приложение и увидел, что деньги списывались три раза: первые два раза — за 'неудавшиеся' попытки и третий раз — за успешную. Прошу вернуть 1998 рублей за ошибочные списания.",Гейминг_и_донат
ИИС открл в прошлом году вычет когда придет,Вклады_и_инвестиции
"Ребят, я владелец небольшого барбершопа, хочу привлечь новых клиентов. Слышал, что у вас можно договориться о рекламе. Бюджеты у меня скромные, но готов предложить бесплатные стрижки вашим сотрудникам в обмен на пост или упоминание. Смешно звучит, но вдруг зайдёт?) Если нет — тоже скажите, обсудим другие варианты.",Сотрудничество_и_реклама
"Я в шоке от вашего «фирменного» сервиса. Мастер нагрубил, работу сделал кое-как, и ещё требовал чаевые. Это вообще нормально?",Качество_товара_или_услуги
"Добрый вечер. Хочу уточнить: при покупке набора 'Старт' мне должны были выдать эксклюзивный персонаж. На странице акции это чётко указано. Набор куплен, персонаж не выдан. Когда это будет исправлено?",Гейминг_и_донат
Брендированный контент?,Сотрудничество_и_реклама
ипотека для ИП,Кредиты_и_ипотеки
"Здравствуйте, обращаюсь с просьбой о помощи. Играю на ПК через Steam. Несколько дней назад начались странные вещи: игра запускается, но сразу после загрузки главного меню вылетает. В журнале ошибок нашёл код Exception 0xc0000005. Гуглил — разные советы, ничего не помогло. Переустановил игру, обновил все драйверы, проверил системные файлы — безрезультатно. Система: Windows 11, видеокарта 3060, 16 гб оперативной памяти. Все требования выполнены с запасом. Прошу помочь с решением.",Гейминг_и_донат
ИИС тип А или Б,Вклады_и_инвестиции
"Добрый день. Пишу по поводу проблемы с реферальной программой. Три недели назад я пригласил в игру четырёх друзей по своей реферальной ссылке. Все четверо зарегистрировались, двое из них уже достигли 20-го уровня, что является условием для получения награды. По условиям программы я должен был получить по 500 монет за каждого такого игрока. Итого 1000 монет. Но в кошельке до сих пор ноль. Я три раза писал в чат поддержки, каждый раз мне говорили 'начислим в течение 24 часов', но этого не происходит. Прошу разобраться и начислить обещанное вознаграждение.",Гейминг_и_донат
"Здравствуйте. Представляю производителя профессиональных инструментов для строителей. Хотим выйти на аудиторию мастеров и прорабов. Есть ли у вас специализированные площадки или форматы, ориентированные на строительную тематику?",Сотрудничество_и_реклама
Хотим разместить спецпроект,Сотрудничество_и_реклама
кредитные каникулы как получить,Кредиты_и_ипотеки
нет монет,Гейминг_и_донат
Добрый день. Представляю консалтинговую компанию в сфере управления персоналом. Хотим опубликовать серию экспертных материалов о трендах в HR с мягким упоминанием нашей компании. Есть ли возможность для подобного формата сотрудничества?,Сотрудничество_и_реклама
можно ли открыть ИИС на несовершеннолетнего ребёнка?,Вклады_и_инвестиции
потерял уровень,Гейминг_и_донат
"Хочу перенести прогресс с одной платформы на другую. Читал, что такая возможность есть, но не могу найти эту функцию в настройках.",Гейминг_и_донат
"Купила маску для волос, обещали восстановление. Волосы стали только хуже — сухие и ломкие. Деньги на ветер.",Качество_товара_или_услуги
"После обновления клиента пропали все мои кастомизации персонажа. Скины, которые покупал, теперь отображаются как незакупленные.",Гейминг_и_донат
Мне очень важно снизить ежемесячный платёж по ипотеке хотя бы на 3-4 тысячи. Есть хоть какой-то способ?,Кредиты_и_ипотеки
"Подарочная карта на 500 рублей не активируется. Код вводится без ошибок, но система отклоняет его каждый раз.",Гейминг_и_донат
"игра крашится при запуске, переустанвил уже 2 раза, ничго не помогает, что делать?",Гейминг_и_донат
"Мой муж открыл вклад ещё в прошлом году и в декабре будет продление. Хотим понять: если в декабре ставки будут ниже — есть ли смысл закрыть вклад сейчас, пока выгодная ставка, и открыть новый на более длинный срок? Или лучше подождать до конца и тогда переоформить? Помогите понять логику — мы не очень разбираемся в финансовых стратегиях.",Вклады_и_инвестиции
взломали профиль,Гейминг_и_донат
"Сделал покупку внутри игры на сумму 500 рублей, но игровая валюта так и не появилась в кошельке. Транзакция прошла, деньги списаны.",Гейминг_и_донат
накопительный счёт или вклад для экстренных денег,Вклады_и_инвестиции
не работает вход,Гейминг_и_донат
"Хочу рассказать о проблеме, которую не могу решить уже два месяца. Весной я закрыл ипотечный кредит полностью. Получил справку об отсутствии задолженности. Однако когда обратился в МФЦ для снятия обременения, выяснилось, что банк не направил закладную в Росреестр. Звоню в поддержку — говорят 'ждите'. Жду уже 7 недель. Квартира продаётся, сделка срывается. Прошу принять экстренные меры.",Кредиты_и_ипотеки
Скин не открылся,Гейминг_и_донат
"Уважаемые специалисты. Хотел бы прояснить следующий момент: при досрочном погашении ипотеки я намерен направить средства на уменьшение ежемесячного платежа, а не срока. Однако в приложении такой опции нет — система автоматически уменьшает срок. Прошу объяснить, как правильно указать нужный вариант, и возможно ли это в принципе по вашим условиям.",Кредиты_и_ипотеки
Донат не зачислился,Гейминг_и_донат
застрял на экране загрузки,Гейминг_и_донат
"Ваша служба доставки повредила мебель при переноске. Угол столешницы отломан, поверхность поцарапана. Прошу компенсации.",Качество_товара_или_услуги
Обращаюсь по следующему вопросу. В мае я воспользовался правом на досрочное погашение части ипотечного долга и внёс 200 000 рублей сверх обязательного платежа. Выбрал уменьшение суммы ежемесячного платежа. Однако в следующем месяце платёж остался прежним. Прошу разобраться и вернуть переплату либо скорректировать график.,Кредиты_и_ипотеки
Предлагаем бартер,Сотрудничество_и_реклама
"Приобрела крем для лица из вашей линейки. После трёх дней использования появилось раздражение, хотя состав протестирован и я не аллергик.",Качество_товара_или_услуги
реструктуризация возможна? очень тяжело с выплатами щас,Кредиты_и_ипотеки
доллары вложить куда лучше,Вклады_и_инвестиции
рефинансирование вклада возможно,Вклады_и_инвестиции
Купил робот-пылесос. Он застрял под диваном при первом же запуске и не смог самостоятельно выбраться. Навигация нерабочая.,Качество_товара_или_услуги
"Здравствуйте. Хочу подарить сыну (ему 20 лет) инвестиционный стартовый капитал — положить 100 000 рублей. Что лучше: открыть вклад на его имя, дать ему деньги для открытия ИИС или купить ему паи фонда? Он пока не работает официально — это важно?",Вклады_и_инвестиции
"Стёкла, установленные вашей компанией, потеют изнутри. Это говорит о нарушении герметизации стеклопакета при монтаже.",Качество_товара_или_услуги
"Хочу поделиться историей, которая растянулась уже на несколько недель. Купила у вас детский велосипед в подарок сыну на день рождения. При сборке обнаружила, что одна из гаек на переднем колесе не завинчивается — резьба на болте сорвана. Позвонила в поддержку — там сказали, что пришлют запасную деталь почтой. Ждала десять дней, деталь не пришла. Позвонила снова — выяснилось, что заявка вообще не была создана. Сын так и не получил велосипед на праздник. Сейчас прошу либо срочного выезда мастера с нужной деталью, либо полного обмена велосипеда на новый исправный экземпляр.",Качество_товара_или_услуги
мне отказли в рефинансировани хотя я всегда плачу вовремя почему??,Кредиты_и_ипотеки
банк требует дополнительные документы,Кредиты_и_ипотеки
"Здравствуйте. Очень прошу вас помочь. Мы купили квартиру в ипотеку в 2021 году, ставка была 8.7%. Сейчас у нас трое детей, и мы узнали о семейной ипотеке с льготной ставкой. Можем ли мы рефинансировать действующий кредит по этой программе? Что для этого нужно и куда обратиться?",Кредиты_и_ипотеки
закрыть депозит досрочно,Вклады_и_инвестиции
"Система ошибочно заблокировала мой аккаунт за 'подозрительную активность'. Я просто играл как обычно, ничего необычного не делал.",Гейминг_и_донат
Интересует коллаборация,Сотрудничество_и_реклама
Клиенинговая компания оказала услугу некачественно: грязь осталась за батареями и под диваном.,Качество_товара_или_услуги
"Система матчмейкинга постоянно подбирает игроков с гораздо более высоким рейтингом. Играть невозможно, каждый раз разгром.",Гейминг_и_донат
"Электрическая бритва не добривает полностью при любых настройках. Ножи новые, всё по инструкции, но результат неудовлетворительный.",Качество_товара_или_услуги
кредитная история плохая,Кредиты_и_ипотеки
Персонаж исчез куда-то,Гейминг_и_донат
жилищный заём дальневосточный,Кредиты_и_ипотеки
ETF на индекс Мосбиржи — это безопасно для начинающего инвестора?,Вклады_и_инвестиции
"Купили матрас за приличные деньги, а он просел в центре буквально через три месяца эксплуатации.",Качество_товара_или_услуги
"Привет, наша компания выводит новый продукт на рынок. Как быстро можно запустить рекламную кампанию у вас?",Сотрудничество_и_реклама
"Добрый день! Компания по производству органических продуктов питания ищет медиапартнёров. Нам важно выйти на аудиторию, которая следит за качеством питания и ведёт здоровый образ жизни. Готовы к разным форматам: нативные материалы, дегустационные наборы для редакции, конкурсы.",Сотрудничество_и_реклама
Воздухоочиститель перестал улавливать запахи уже через полтора месяца. Фильтры менял по регламенту. Качество агрегата под вопросом.,Качество_товара_или_услуги
"Меня интересует следующее: я хочу ежемесячно инвестировать небольшую сумму — около 5 000 рублей. Мне не интересно самому выбирать акции и следить за рынком. Есть ли у вас сервис автоматического инвестирования или робо-эдвайзор, который будет управлять портфелем за меня? Какова комиссия за такой сервис?",Вклады_и_инвестиции
Производственный дефект очевиден,Качество_товара_или_услуги
"Пальто с вашего сайта разочаровало: на фото шерсть, на деле — синтетика. Это вводит покупателя в заблуждение.",Качество_товара_или_услуги
"Случайно совершил покупку не на тот аккаунт. У меня два профиля, я перепутал. Предмет лежит на втором аккаунте, а нужен он на первом. Можно ли перенести?",Гейминг_и_донат
"Добрый день! Я предприниматель, развиваю небольшой бизнес по доставке здоровой еды в нашем городе. Мы уже полгода работаем и хотим расширить клиентскую базу. Слышал, что у вас есть возможность размещения рекламы для местных бизнесов. Расскажите, как это работает, какой минимальный бюджет нужен и насколько эффективен такой канал продвижения для небольших компаний. Буду рад любой информации!",Сотрудничество_и_реклама
Продукция негодная,Качество_товара_или_услуги
"Привет! Мы с командой разрабатываем игру и ищем спонсоров. Взамен готовы разместить логотип вашей компании в игре и в рекламных материалах. Это уникальная возможность засветиться в проекте, у которого уже 3000 вишлистов в Steam. Интересно ли вам такое нестандартное размещение?",Сотрудничество_и_реклама
минимальная сумма для вклада,Вклады_и_инвестиции
"Обращаюсь к вам с серьёзной проблемой. В марте этого года я оформил потребительский кредит на 150 000 рублей. При подписании договора менеджер очень быстро пролистал документы и я подписал, не успев внимательно прочитать. Впоследствии выяснилось, что мне была подключена страховка на 28 000 рублей, о которой меня не предупредили. Прошу её отключить и вернуть средства.",Кредиты_и_ипотеки
Купил велосипед. Переключатель скоростей не работает выше четвёртой передачи. Для горного велосипеда это критичный дефект.,Качество_товара_или_услуги
Новая обувь начала расклеиваться уже после третьей носки. За такие деньги ожидала совсем другого качества.,Качество_товара_или_услуги
"Прошу помочь с блокировкой нарушителя. В игре меня постоянно преследует один токсичный игрок, использует оскорбления в чате. Уже несколько раз жаловался через игровой интерфейс, но ситуация не изменилась.",Гейминг_и_донат
хочу инвестировать в недвижимость через ваш фонд,Вклады_и_инвестиции
"Помогите разобраться с системой обмена предметами. Я отправил предмет другому игроку в рамках обмена, он должен был отправить свой предмет мне, но этого не произошло. Возможно ли вернуть мой предмет?",Гейминг_и_донат
"слушайте, вы вообще нормально работаете? я три недели назад купил ETF на ваш фонд, с тех пор он упал на 8%. понятно что рынок, но в чате мне написали что «это нормально» и всё. хотелось бы получить нормальное объяснение — что происходит с фондом, какова стратегия управляющего и стоит ли держать дальше или лучше продать?",Вклады_и_инвестиции
"Хочу построить дом на участке, который уже в собственности — дадут ли ипотеку на строительство?",Кредиты_и_ипотеки
"Последние полгода жил за границей, вернулся — выяснилось, что образовался долг по кредиту. Не получал уведомлений.",Кредиты_и_ипотеки
"Помогите пожалуйста разобраться. Купила увлажнитель воздуха, он работает, но стал издавать громкий гул через три недели.",Качество_товара_или_услуги
"Хочу перейти на тариф 'Максимальный', но кнопка оформления неактивна. Обычный и Базовый тарифы оформляются нормально.",Гейминг_и_донат
"Детская коляска, купленная у вас, скрипит при каждом движении. С новой коляской такого быть не должно.",Качество_товара_или_услуги
"Пришёл товар не того размера, хотя в заказе всё указано верно. И качество ниже ожидаемого.",Качество_товара_или_услуги
"Добрый день! Мы создаём экологичную посуду из бамбука. Ищем партнёров среди медиаплощадок, ориентированных на осознанное потребление. Готовы к разным форматам: от статей до конкурсов. Напишите, интересно ли вам такое сотрудничество.",Сотрудничество_и_реклама
что лучше — депозит или накопительный счёт для хранения подушки безопасности?,Вклады_и_инвестиции
"Привет! Мы — небольшая пекарня, делаем крутой хлеб на закваске и выпечку без консервантов. Хотим рассказать о себе больше людей. Думаем о рекламе, но не уверены, какой формат подойдёт для небольшого локального бизнеса. Подскажите, что у вас есть для таких, как мы?",Сотрудничество_и_реклама
Хочу провести перепланировку в ипотечной квартире. Нужно ли согласование с банком?,Кредиты_и_ипотеки
Хочу взять кредит под 0% — есть ли у вас такие предложения?,Кредиты_и_ипотеки
"Хочу заблокировать возможность доноса в игре для своего аккаунта, чтобы случайно не тратить деньги. Как это сделать?",Гейминг_и_донат
Изделие дефектное,Качество_товара_или_услуги
"Хотел бы понять, как рассчитывается ПСК — полная стоимость кредита — и что в неё входит.",Кредиты_и_ипотеки
"Пишу в третий раз по одному вопросу. Кратко: 25-го числа я потратил 3500 монет на улучшение предмета, улучшение не сработало, монеты списались. Первый оператор сказал 'технический сбой, вернём в течение 48 часов'. Прошло 5 дней — ничего. Второй оператор сказал 'нет информации о сбое, улучшение успешно'. Но у меня есть скриншот: предмет остался прежнего уровня, а монеты исчезли. Прошу передать мой запрос руководителю смены и дать чёткий ответ.",Гейминг_и_донат
Мне звонят коллекторы по старому кредиту который я давно закрыл. Что делать?,Кредиты_и_ипотеки
Качество на нуле,Качество_товара_или_услуги
"Здравствуйте! Наша компания занимается разработкой программного обеспечения для автоматизации бизнеса. Мы уже несколько лет успешно работаем на рынке и сейчас активно расширяемся. В рамках нашей маркетинговой стратегии мы рассматриваем различные каналы для продвижения, и ваша платформа кажется нам очень перспективной. Хотели бы получить информацию о доступных рекламных форматах, стоимости размещения и возможности заключения долгосрочного договора с фиксированными условиями.",Сотрудничество_и_реклама
"Хей! Наш бренд streetwear только запустился, но мы реально делаем крутые вещи — не массмаркет. Ищем нестандартные площадки для продвижения, не просто таргет в соцсетях. Может, коллаб какой-то придумаем? Лимитка с вашим брендингом или что-то такое? Открыты к идеям, главное — не скучно.",Сотрудничество_и_реклама
вклад открыть,Вклады_и_инвестиции
"не понял почему платёж в этом месяце больше обычного, никаких изменений не было",Кредиты_и_ипотеки
Как изменится мой ежемесячный платёж если процентная ставка вырастет — у меня плавающая ставка.,Кредиты_и_ипотеки
Сотрудничество интересует,Сотрудничество_и_реклама
фондовый рынок торговля начать,Вклады_и_инвестиции
Привет! Хотим запустить реферальную программу совместно с вами. Есть ли такая возможность?,Сотрудничество_и_реклама
сберегательный счёт условия,Вклады_и_инвестиции
"Мне кажется что меня обманули. Купил 'редкий' скин, а потом в магазине увидел этот же скин среди обычных бесплатных. Объясните.",Гейминг_и_донат
"Корпус принтера пришёл с трещиной. Устройство работает, но это явный дефект при транспортировке или производстве.",Качество_товара_или_услуги
Ошибка оплаты,Гейминг_и_донат
"Хочу вернуть средства за случайно купленный предмет. Покупка была совершена несколько минут назад, предмет не использовался.",Гейминг_и_донат
"Не могу подключить игровую консоль к своему аккаунту. Ввожу код привязки, система говорит 'успешно', но на консоли по-прежнему просит войти заново. Пробовал несколько раз.",Гейминг_и_донат
Могу ли я получить налоговый вычет по ипотеке если квартира оформлена только на жену?,Кредиты_и_ипотеки
"Сервисный центр провёл техобслуживание, но уже через три дня автомобиль снова начал троить.",Качество_товара_или_услуги
пополнить вклад сегодня,Вклады_и_инвестиции
Умные часы вашего бренда не синхронизируют данные о шагах корректно. За день фиксируют 500 шагов при реальных 10 000.,Качество_товара_или_услуги
"Пришёл делать вам постоянным клиентом, но качество упало. Раньше всё было отлично, сейчас такое ощущение, что экономят на всём.",Качество_товара_или_услуги
Взял у вас в прокат горные лыжи. Крепления были неисправны — чуть не упал на спуске. Это прямая угроза здоровью.,Качество_товара_или_услуги
Дублируется покупка,Гейминг_и_донат
Интеграция возможна?,Сотрудничество_и_реклама
"Мастер по установке кондиционера не загерметизировал стыки должным образом, теперь дует с щелей.",Качество_товара_или_услуги
Не работает чат,Гейминг_и_донат
"Купила крем от морщин, использую уже месяц — никакого эффекта. Понимаю, чудес нет, но хоть базовое увлажнение должно работать.",Качество_товара_или_услуги
Аккаунт забанили несправедливо,Гейминг_и_донат
Хочу возврат денег,Гейминг_и_донат
Материал очень плохой,Качество_товара_или_услуги
"Привет! Короче, играю уже 2 года, никогда проблем не было, а тут купил новый сезонный пропуск и он просто не активировался. Написал в чат — бота подключили, он ничего не решил. Хочу поговорить с живым человеком, пожалуйста.",Гейминг_и_донат
"Перевела деньги через ваш сервис — транзакция зависла на три дня, деньги не дошли. Это не сервис, а мучение.",Качество_товара_или_услуги
"Привет! Я создаю и продаю онлайн-курсы по психологии отношений. За последний год мои курсы прошли более 3000 человек, и отзывы очень хорошие. Хочу масштабироваться и ищу рекламные площадки. Подскажите, как начать работать с вами.",Сотрудничество_и_реклама
"Обнаружил, что мой ник в игре был изменён без моего ведома. Хочу вернуть прежнее имя персонажа бесплатно.",Гейминг_и_донат
"Ваш менеджер позвонил мне и предложил перейти с депозита на «инвестиционный вклад» с потенциальной доходностью до 20%. Я немного насторожилась — звучит слишком хорошо. Это официальный продукт банка? Чем он отличается от обычного вклада и какие риски? Мои деньги будут застрахованы АСВ так же, как на депозите?",Вклады_и_инвестиции
"Здравствуйте! Я занимаюсь продвижением малого бизнеса в интернете уже несколько лет. Сейчас у меня появился новый клиент — сеть косметических магазинов, и мы ищем подходящие площадки для таргетированной рекламы. Ваш ресурс с его аудиторией кажется очень перспективным. Можете подробно рассказать, какие рекламные возможности вы предоставляете, каков минимальный бюджет для старта и есть ли возможность тестового периода для оценки эффективности?",Сотрудничество_и_реклама
Игровой клиент не запускается,Гейминг_и_донат
"подскажите, как закрыть депозит досрочно и не потерять проценты?",Вклады_и_инвестиции
"хочу вложить деньги в золото, слышал что это надёжно. но не понимаю что лучше — покупать физическое золото в слитках, монеты или обезличенный металлический счёт? у вас есть все три варианта? и есть ли какой-то налог при продаже золота, если я захочу его продать через год-два?",Вклады_и_инвестиции
"Здравствуйте. Хочу рассказать свою ситуацию подробно. Три года назад взяли с женой ипотеку на новостройку. Застройщик обанкротился, дом достраивает другая компания. Срок сдачи уже дважды переносился. Мы платим ипотеку, но живём на съёмной квартире. Есть ли какие-то льготы или отсрочки для дольщиков в такой ситуации?",Кредиты_и_ипотеки
"Шторы, которые вы пошили по меркам, оказались на 15 сантиметров короче нужной длины. Замерщик ваш приходил, всё фиксировал.",Качество_товара_или_услуги
"Здравствуйте, меня интересует партнёрская программа. Как к ней подключиться и какой процент с продаж предусмотрен?",Сотрудничество_и_реклама
"Хочу официально зафиксировать жалобу на некорректную работу системы внутриигровых покупок. При оформлении заказа система показывала одну цену, однако с баланса была списана сумма, превышающая указанную. Прошу произвести сверку и вернуть переплату.",Гейминг_и_донат
Услуга оказана плохо,Качество_товара_или_услуги
"Ситуация, с которой я столкнулся, просто возмутительна. Я заказал через ваш сайт профессиональный фотоаппарат стоимостью около семидесяти тысяч рублей. Товар пришёл в запечатанной коробке, всё выглядело как новое. Однако при первой же съёмке выяснилось, что матрица имеет мёртвые пиксели — это отчётливо видно на однотонных поверхностях. Я обратился в сервисный центр, там сказали, что мёртвые пиксели выходят за допустимые нормы производителя и это является дефектом. При этом по телефону ваш менеджер уверял меня, что товар полностью новый и прошёл проверку. Я хочу полного возврата денег либо замены на проверенный экземпляр.",Качество_товара_или_услуги
"Здравствуйте! Я основательница небольшой студии детской йоги. Хочу привлечь больше семей. Бюджет на рекламу ограничен, но я готова предложить бесплатные пробные занятия для семей ваших сотрудников в обмен на публикацию о нас. Возможно ли такое?",Сотрудничество_и_реклама
"Игровой магазин показывает цену в одной валюте, а списывает в другой. Прошу разобраться с некорректным отображением цен.",Гейминг_и_донат
"Прошёл ивентовое задание полностью, но эксклюзивный скин за выполнение так и не был выдан. Статус задания — завершено.",Гейминг_и_донат
Привет! Мы развиваем свой бренд и ищем площадки для продвижения. У вас есть пакеты для малого бизнеса?,Сотрудничество_и_реклама
"Купила тушь для ресниц, щётка деформирована уже в упаковке. Ею невозможно нормально прокрасить ресницы.",Качество_товара_или_услуги
"Расскажу подробно, что произошло. Я заказал профессиональную фотосессию в вашей студии — семейную, с детьми. Мы отстояли очередь, провели съёмку около часа. Когда получили готовые фотографии, оказалось, что большинство снимков смазаны или имеют неверную экспозицию — лица пересвечены. Из сорока обещанных обработанных кадров приемлемых не более десяти. Ретушь на некоторых выглядит так, как будто её делал новичок: размытый фон применён к лицу, а не к заднему плану. Я заплатил за профессиональную услугу и получил любительский результат. Прошу либо провести повторную съёмку бесплатно, либо вернуть деньги в полном объёме.",Качество_товара_или_услуги
"Привет! Мы производим настольные игры для всей семьи. Хотим найти партнёров для совместных конкурсов — победители получат наши игры в подарок. Думаем, это будет интересно вашей аудитории и создаст позитивные ассоциации с обоими брендами. Напишите, если интерес есть!",Сотрудничество_и_реклама
Духи оказались явной подделкой: запах не соответствует оригиналу и выветривается за полчаса.,Качество_товара_или_услуги
пролонгация вклада автоматическая,Вклады_и_инвестиции
"Привет, хочу рассказать свою ситуацию подробно. Я играю уже 4 года, потратил немало реальных денег на развитие персонажа. Несколько дней назад меня заблокировали без предупреждения и объяснений. Я точно не нарушал правила — не использовал сторонние программы, не оскорблял других игроков. Мне кажется, что это произошло из-за того, что я слишком резко победил в нескольких рейтинговых матчах подряд и меня ошибочно приняли за читера. Прошу провести ручную проверку моего аккаунта и снять блокировку.",Гейминг_и_донат
Уведомляю вас о несоответствии качества поставленного оборудования заявленным техническим характеристикам согласно договору.,Качество_товара_или_услуги
"Здравствуйте! Наша компания организует языковые поездки за рубеж для школьников и студентов. В этом году хотим расширить охват и ищем медиапартнёров. Готовы предоставить места в поездках для конкурсов, а также рассмотреть платное размещение рекламы.",Сотрудничество_и_реклама
Привет! Наша компания хочет сотрудничать с вами в рамках совместного продукта. Как связаться с нужным отделом?,Сотрудничество_и_реклама
"Купила платье онлайн — на фото шикарное, в реальности ткань тонкая, просвечивает, цвет совсем не тот. Полное разочарование.",Качество_товара_или_услуги
"Заказал одно, прислали другое",Качество_товара_или_услуги
"Заказала платье по фотографии на сайте, а получила совершенно другой цвет и качество ткани значительно хуже.",Качество_товара_или_услуги
"Добрый день. Я маркетолог фармацевтической компании. Нас интересует размещение информационных материалов о нашей продукции на вашей платформе. Работаем строго в рамках законодательства, готовы предоставить все необходимые документы и согласовать тексты. Хотели бы понять, есть ли у вас опыт работы с фармой и какие форматы вы можете предложить в данном сегменте.",Сотрудничество_и_реклама
"Здравствуйте! Хотим продвигать наш онлайн-курс по веб-разработке. Целевая аудитория — начинающие разработчики и люди, которые хотят сменить профессию. Как можно запустить рекламу и какие форматы наиболее эффективны для образовательных продуктов?",Сотрудничество_и_реклама
"Добрый день! Представляю онлайн-школу рисования для взрослых. Хотим донести до аудитории, что рисованию можно научиться в любом возрасте. Ищем площадки для нативного контента и рекламы. Есть ли у вас кейсы работы с образовательными онлайн-проектами?",Сотрудничество_и_реклама
Тариф на рекламу?,Сотрудничество_и_реклама
"Привет! Ситуация немного необычная, но надеюсь на понимание. Я одолжил телефон другу, а он случайно сделал несколько покупок в игре с моего аккаунта — потратил около 2000 монет на предметы, которые мне не нужны. Он сам готов всё объяснить. Можно ли отменить эти покупки и вернуть монеты? Покупки были сделаны сегодня, предметы не использовались.",Гейминг_и_донат
Списали деньги дважды,Гейминг_и_донат
"объясните, чем облигации отличаются от акций для начинающего инвестора.",Вклады_и_инвестиции
Здравствуйте! Мы являемся дистрибьютором профессионального спортивного оборудования. В связи с ростом интереса к домашним тренировкам хотим активно продвигаться в digital. Ваша аудитория нам подходит. Расскажите о форматах рекламы и стоимости.,Сотрудничество_и_реклама
"Обращаюсь в связи со следующей ситуацией. Я открыл вклад на имя своей дочери (ей 16 лет) три года назад. Срок вклада истекает в следующем месяце. Хочу понять: могу ли я как родитель получить эти деньги, или необходимо присутствие дочери? Какие документы нужно предоставить в отделение? И можно ли сразу переоформить средства на новый вклад уже от её имени?",Вклады_и_инвестиции
"Кофемашина, которую я купила в прошлом месяце, протекает в районе поддона. Очень разочарована.",Качество_товара_или_услуги
"Хочу узнать, защищены ли мои платёжные данные. Недавно слышал о взломе какого-то игрового сервиса и переживаю за безопасность.",Гейминг_и_донат
Хочу удалить аккаунт и получить возврат средств за последние покупки. Как оформить такой запрос?,Гейминг_и_донат
Забыл пароль,Гейминг_и_донат
Некачественный товар прислали,Качество_товара_или_услуги
"Почему мой аккаунт заморожен? Никакого уведомления не получал, причины не знаю. Хочу разобраться в ситуации.",Гейминг_и_донат
Скин не появился,Гейминг_и_донат
Установленное приложение вылетает каждые пять минут. Такого сырого продукта я ещё не видел.,Качество_товара_или_услуги
Мой прогресс в сюжетной кампании откатился на несколько глав назад после последнего патча. Всё нужно проходить заново.,Гейминг_и_донат
какой ПИФ самый надёжный у вас,Вклады_и_инвестиции
"Доброго времени суток. Вынужден обратиться с жалобой на систему анти-чит. Последние 2 недели меня регулярно обвиняют в использовании стороннего программного обеспечения другие игроки, хотя я ничем подобным не пользуюсь. Сегодня пришло автоматическое предупреждение от системы. Я понимаю, что мои показатели эффективности выше среднего — я много тренируюсь и смотрю обучающие видео. Но это навыки, а не читы. Прошу провести ручную проверку моего аккаунта, чтобы исключить возможную автоматическую блокировку.",Гейминг_и_донат
что значит оферта по облигациям,Вклады_и_инвестиции
"Прислали не тот размер и не тот цвет, а при этом ещё и ткань хуже, чем на фото. Полный набор разочарований от одного заказа.",Качество_товара_или_услуги
"Застройщик задержал сдачу дома уже на 8 месяцев, как это влияет на мою ипотеку?",Кредиты_и_ипотеки
"Мы производители экотоваров, ищем партнёров с аналогичными ценностями. Возможно ли долгосрочное сотрудничество?",Сотрудничество_и_реклама
"Брат, это вообще что было? Кеды разошлись по шву через пять дней. Пять дней, Карл! Хочу замену или бабки обратно.",Качество_товара_или_услуги
"Уважаемая служба поддержки, хочу описать проблему максимально подробно. В феврале я оформил рефинансирование ипотеки в вашем банке с переносом из другого банка. После перевода долга прошло уже 4 месяца, но обременение со старого банка до сих пор не снято, а новое не зарегистрировано. Это мешает мне совершить ряд юридически значимых действий с недвижимостью. Прошу ускорить процесс.",Кредиты_и_ипотеки
минимальная сумма для открытия вклада,Вклады_и_инвестиции
снять обременение после выплаты,Кредиты_и_ипотеки
"Ситуация, которая меня очень расстроила. Год назад я открыл вклад на 500 000 рублей сроком на 12 месяцев. На прошлой неделе позвонил в банк и попросил досрочно закрыть вклад — мне срочно нужны деньги на лечение. Мне сказали, что потеряю все проценты за весь период — это около 70 000 рублей. Я не помню, чтобы при открытии мне так подробно объясняли это условие. Разве это справедливо? Есть ли какой-то способ хотя бы частично сохранить начисленные проценты?",Вклады_и_инвестиции
"Обращаюсь по срочному вопросу. Вчера мне позвонили люди, представившиеся сотрудниками вашего банка, и сообщили, что по моей ипотеке образовалась задолженность и что мне нужно срочно перевести деньги на некий счёт для избежания штрафов. Прошу подтвердить, является ли это официальным обращением от банка или попыткой мошенничества.",Кредиты_и_ипотеки
Застёжка на сумке оторвалась при первом использовании. Прошу заменить изделие на качественное.,Качество_товара_или_услуги
"Купил валюту через партнёрский магазин, но она не пришла уже 3 дня. У партнёра есть подтверждение оплаты, у меня есть чек. Как ускорить зачисление?",Гейминг_и_донат
"Не могу найти купленный ранее DLC в своей библиотеке. Чек об оплате есть, но контент нигде не отображается.",Гейминг_и_донат
"Не получается воспользоваться промокодом на скидку. Система пишет, что код уже использован, хотя я его нигде не вводил.",Гейминг_и_донат
"У меня не отображается клановый чат. В клане состою, другие участники пишут, а я ни прочитать, ни ответить не могу.",Гейминг_и_донат
"Заказал ремонт ванной комнаты. Плитку положили неровно, затирка уже отходит. За такую работу стыдно брать деньги.",Качество_товара_или_услуги
"Я ип на упрощёнке уже 4 года, какие у меня шансы получить ипотеку и что нужно предоставить?",Кредиты_и_ипотеки
как работает ИИС третьего типа,Вклады_и_инвестиции
Добрый день. Предлагаем бартерное сотрудничество: наши товары в обмен на размещение рекламных материалов.,Сотрудничество_и_реклама
"Купили корм для кошки вашего бренда, животное отказывается есть. Запах странный, не такой как обычно. Проверьте партию.",Качество_товара_или_услуги
"У меня вопрос про дивиденды на ИИС. Я купил акции на ИИС, и компания выплатила дивиденды. Но дивиденды почему-то пришли не на ИИС, а на отдельный банковский счёт. Это нормально или должно быть иначе? И если деньги упали не на ИИС, считаются ли они «выведенными» со счёта, что может повлиять на льготы?",Вклады_и_инвестиции
"Подключил интернет по вашему тарифу 100 Мбит, а по факту скорость редко превышает 20. Это не то, за что я плачу.",Качество_товара_или_услуги
как получить налоговый вычет по индивидуальному инвестиционному счёту?,Вклады_и_инвестиции
условия по вкладу для пенсионеров,Вклады_и_инвестиции
"Добрый день, у меня вопрос про родительский контроль. Хочу ограничить возможность совершения покупок для дочери. Как настроить лимит трат в месяц на её аккаунте?",Гейминг_и_донат
Предлагаем взаимный пиар,Сотрудничество_и_реклама
"Добрый день! Мы производим кофе-машины и аксессуары для домашней кофейной культуры. Ищем площадки, аудитория которых ценит качественный кофе и домашний уют. Хотели бы обсудить форматы сотрудничества, включая дегустацию кофе с нашими устройствами для вашей редакции.",Сотрудничество_и_реклама
"Дорогой бренд, дешёвое качество. Ремешок на часах оторвался через месяц. Думал — переплачиваю за надёжность, ошибся.",Качество_товара_или_услуги
Интересует спонсорство вашего контента,Сотрудничество_и_реклама
"Видеонаблюдение, установленное вашей командой, даёт картинку в низком разрешении. Лица людей неразличимы — это бессмысленная система.",Качество_товара_или_услуги
"Купил игровые монеты на сумму 1000 рублей, пришло только 800. Судя по описанию акции, должен был быть бонус.",Гейминг_и_донат
Можно рекламный пост?,Сотрудничество_и_реклама
снизить ставку по кредиту,Кредиты_и_ипотеки
"Купил акустику, заявленная мощность 100 Вт, но при максимальной громкости звук хрипит и искажается. Явно завышенные характеристики.",Качество_товара_или_услуги
Краска на корпусе ноутбука облезла через месяц использования. Такого не ожидал от брендового устройства.,Качество_товара_или_услуги
Мой персонаж завис посреди локации и не двигается. Перезаход не помогает — загружается сразу в эту же точку.,Гейминг_и_донат
Товар не соответствует описанию,Качество_товара_или_услуги
"Купил электрогриль, он не нагревается выше 150 градусов при заявленных 250. Мясо жарится вечность и не прожаривается.",Качество_товара_или_услуги
"Интересует следующий момент: я хочу составить «лесенку» из вкладов — разместить деньги на 3, 6, 9 и 12 месяцев, чтобы каждые три месяца часть средств высвобождалась. Это стандартная стратегия? Можете ли вы помочь подобрать оптимальные параметры для каждого вклада с учётом текущих ставок? Хотел бы получить сравнительную таблицу условий.",Вклады_и_инвестиции
"Хм, интересно, это только у меня так или у всех? Купил ваши витамины, а у них истёк срок годности ещё месяц назад.",Качество_товара_или_услуги
Ваше приложение постоянно вылетает при попытке оформить платёж. Уже третий день не могу воспользоваться сервисом.,Качество_товара_или_услуги
"Переехал работать в другой город, хочу купить там жильё в ипотеку, прописка при этом осталась прежняя.",Кредиты_и_ипотеки
Игра вылетает постоянно,Гейминг_и_донат
"Прошу не переключать меня снова — уже третий оператор. Просто скажите, когда починят качество связи в моём районе.",Качество_товара_или_услуги
"Подскажите: я открыл брокерский счёт год назад. По итогам года у меня есть прибыль от продажи акций одной компании, но убыток от другой. Банк как налоговый агент автоматически зачтёт убыток против прибыли при расчёте НДФЛ? Или мне нужно что-то специально делать — подавать заявление или декларацию?",Вклады_и_инвестиции
открыть счёт накопительный,Вклады_и_инвестиции
"Добрый день. Планирую крупную покупку через год — примерно 1,8 миллиона рублей. Сейчас у меня есть эта сумма, хочу сохранить и немного приумножить за год без серьёзных рисков. Что посоветуете: годовой вклад с фиксированной ставкой или краткосрочные облигации? Важно, чтобы через 12 месяцев я точно получил не меньше вложенной суммы.",Вклады_и_инвестиции
кредит на строительство дома,Кредиты_и_ипотеки
ипотека молодой семье,Кредиты_и_ипотеки
Заказала уход за волосами в вашем салоне. После процедуры волосы стали сухими и ломкими. Мастер явно использовал неподходящие средства.,Качество_товара_или_услуги
"Друг отправил мне подарок в игре, но я его не получил. В истории транзакций у него списание есть, у меня — ничего.",Гейминг_и_донат
Хотим разместить рекламу,Сотрудничество_и_реклама
"Погасил ипотеку три месяца назад, закладная до сих пор не снята, что происходит?",Кредиты_и_ипотеки
справка о закрытии кредита,Кредиты_и_ипотеки
"Не получается завершить покупку через приложение. На шаге подтверждения оплаты приложение зависает и закрывается. Пробовал 5 раз, каждый раз одно и то же. На сайте всё работает, но там нет нужного мне предмета.",Гейминг_и_донат
"Интересует ли вас реклама нашего продукта? Мы небольшой стартап, готовы обсудить условия.",Сотрудничество_и_реклама
"Добрый день. Хотел бы узнать подробнее об условиях программы доверительного управления, которую вы предлагаете. Меня интересует: какова минимальная сумма входа, какие комиссии взимаются за управление, какова средняя историческая доходность за последние три года и каков порядок вывода средств из программы при необходимости? Прошу предоставить полный тарифный лист.",Вклады_и_инвестиции
"Подключил умную колонку — голосовой помощник не понимает половину команд, хотя настроена по инструкции. Бесполезная штука.",Качество_товара_или_услуги
"Привет! Пишу от лица небольшого PR-агентства. Один из наших клиентов — медицинский центр, специализирующийся на восстановительной медицине. Ищем площадки для публикации экспертных материалов о здоровье. Как оформить сотрудничество?",Сотрудничество_и_реклама
Представляю крупную розничную сеть. Хотим запустить совместную промо-акцию: покупатели нашей сети получают скидку на ваши услуги по промокоду. Взамен размещаем вашу рекламу в наших магазинах и в мобильном приложении. Интересно ли вам такое взаимодействие?,Сотрудничество_и_реклама
паевой фонд как работает,Вклады_и_инвестиции
"Ситуация с вашим сервисом разочаровала меня окончательно. Я обратился к вам для ремонта смартфона — требовалась замена экрана. Мастер сделал работу, я забрал телефон. Уже дома обнаружил, что сенсор на новом экране реагирует с задержкой и в левой части вовсе не отрабатывает нажатия. Очевидно, был установлен некачественный дисплей. Когда я вернулся, мне сказали, что нужно снова сдать телефон на неделю. Это мой основной рабочий инструмент. Почему я должен страдать из-за некомпетентного ремонта? Прошу либо срочного повторного ремонта с заменой на оригинальный дисплей, либо возврата стоимости работ.",Качество_товара_или_услуги
"Здравствуйте! Я представляю ювелирный бренд. Хотим продвинуть нашу новую коллекцию. Ищем площадки с женской аудиторией, интересующейся модой и стилем. Рассматриваем как платное размещение, так и бартер — украшения для конкурса среди ваших читателей.",Сотрудничество_и_реклама
"Здравствуйте! Я планирую выйти на пенсию через 15 лет и хочу начать формировать пенсионный капитал прямо сейчас. Какие инструменты вы можете предложить для долгосрочных накоплений? Интересует сочетание надёжности и хоть какой-то доходности выше инфляции. Рассматриваю ИИС, ОФЗ и, возможно, НПФ.",Вклады_и_инвестиции
"Вы вообще отдаёте себе отчёт что происходит с вашим приложением?! Я пытаюсь уже второй день перевести деньги со своего брокерского счёта на банковский, чтобы снять налич, но операция зависает на этапе подтверждения. Тех. поддержка сказала «попробуйте позже». Это инвестиционный счёт, там реальные деньги! Когда будет починено и что мне делать с заявкой?",Вклады_и_инвестиции
"Почему мне не пришло СМС с суммой платежа? Оплатил на глаз, теперь переживаю.",Кредиты_и_ипотеки
"Уже третий месяц жду решения по рефинансированию, никто ничего не говорит, это вообще нормально?",Кредиты_и_ипотеки
"ставка по вкладу упала, хочу расторгнуть договор и переоформить на новых условиях.",Вклады_и_инвестиции
"Заказал монтаж натяжного потолка, но уже через неделю образовалась пузырь в углу — некачественный монтаж.",Качество_товара_или_услуги
"При погашении кредита через банкомат деньги списались, но в счёт долга не зачислились.",Кредиты_и_ипотеки
"Мне приходят уведомления о входе в аккаунт с незнакомых устройств. Пароль уже сменил, но уведомления продолжают приходить.",Гейминг_и_донат
максимальная ставка по вкладу сейчас,Вклады_и_инвестиции
"Провёл платёж через систему электронных денег, однако кристаллы не поступили. Номер операции могу предоставить.",Гейминг_и_донат
слетел скин,Гейминг_и_донат
"Хочу погасить ипотеку досрочно за счёт материнского капитала, как правильно это оформить?",Кредиты_и_ипотеки
Не грузится лобби,Гейминг_и_донат
просрочка по кредиту,Кредиты_и_ипотеки
"Хочу разобраться в такой ситуации. Брал кредит в вашем банке в 2020 году на 3 года. Исправно платил, закрыл досрочно в 2022 году. Сейчас подаю ипотеку — и вижу в своей КИ, что этот кредит помечен как 'закрыт с нарушениями'. Это абсолютно не соответствует действительности. Прошу разобраться и исправить информацию в бюро.",Кредиты_и_ипотеки
пенсионер может взять ипотеку,Кредиты_и_ипотеки
"привет! слышала, что сейчас выгодно покупать ОФЗ, потому что ставки высокие. хочу попробовать, но вообще не понимаю механику — облигации это же не акции, они не могут сильно упасть в цене? и как вообще получать купонный доход — он сам приходит на счёт или надо что-то делать? объясните пожалуйста попроще, я только начинаю разбираться в этой теме.",Вклады_и_инвестиции
"Добрый день. Мы производим корм для животных из натуральных ингредиентов. Хотим выйти на аудиторию заботливых владельцев питомцев. Рассматриваем рекламу, нативные материалы и возможность совместных конкурсов. Пожалуйста, свяжите с менеджером.",Сотрудничество_и_реклама
Могу ли я зарегистрировать в ипотечной квартире третьих лиц без согласия банка?,Кредиты_и_ипотеки
Ваш переводчик выполнил работу с грубыми ошибками в юридической терминологии. Документ пришлось переводить заново у другого специалиста.,Качество_товара_или_услуги
Партнёрка у вас есть?,Сотрудничество_и_реклама
Ваша служба клининга оставила разводы на зеркалах и стекле. После их работы мне пришлось всё перемывать самой.,Качество_товара_или_услуги
заявка одобрена что дальше,Кредиты_и_ипотеки
"Я в шоке от происходящего. Зашёл сегодня в игру — аккаунт пустой, все купленные скины и персонажи исчезли. В профиле стоит дата регистрации другая. Такое ощущение, что это вообще не мой аккаунт. Срочно нужна помощь!",Гейминг_и_донат
"Добрый день. Я предприниматель, у меня интернет-магазин товаров для рыбалки. Хочу запустить рекламу перед открытием сезона. Подскажите, есть ли у вас аудитория, увлекающаяся рыбалкой и охотой, и какие форматы рекламы для меня актуальны?",Сотрудничество_и_реклама
"Купил термос, обещали держать тепло 12 часов. По факту чай остывает за три часа. Это просто обычная кружка с крышкой.",Качество_товара_или_услуги
"Ладно, качество плохое — с этим уже смирилась. Но то, что вы игнорируете мои звонки две недели — это уже перебор.",Качество_товара_или_услуги
"Уважаемые коллеги, приобретённый нами образец продукции не прошёл входной контроль по параметру прочности. Прошу связаться.",Качество_товара_или_услуги
"Здравствуйте! Я представляю издательство деловой литературы. Хотим продвигать наши новинки через вашу платформу. Готовы предоставить экземпляры книг для редакционных обзоров, а также рассмотреть платное размещение анонсов и рекламных материалов. Какие форматы работы с издательствами у вас практикуются?",Сотрудничество_и_реклама
"Подруга посоветовала ваш магаз, но я разочарована. Кофта за три тыщи растянулась после первой носки, выглядит б/у.",Качество_товара_или_услуги
Ищем партнёра для совместного продвижения в социальных сетях. Нас интересует формат коллаборации.,Сотрудничество_и_реклама
"Если честно, ожидал большего от вашего бренда. Качество швов на рюкзаке просто смешное за такую цену.",Качество_товара_или_услуги
проценты по вкладу выплачиваются в конце срока или ежемесячно?,Вклады_и_инвестиции
"слышал про структурные продукты, объясните что это и стоит ли вкладывать?",Вклады_и_инвестиции
пропал игровой прогресс,Гейминг_и_донат
Не работает магазин,Гейминг_и_донат
"слушайте ну чё за дела, купил батл пасс вчера, сегодня иду играть — ничего нет, как будто не покупал, верните бабки",Гейминг_и_донат
"Уважаемая редакция! Мы являемся официальными представителями производителя спортивного питания и планируем выйти на новую целевую аудиторию. Ваша платформа, по нашим данным, охватывает именно ту демографическую группу, которая нам интересна. Мы готовы рассмотреть различные форматы взаимодействия: от спонсорства тематических материалов до размещения рекламных статей и организации совместных конкурсов для вашей аудитории. Просим направить нас к ответственному за рекламное сотрудничество менеджеру.",Сотрудничество_и_реклама
Предложение о партнёрстве,Сотрудничество_и_реклама
"Прошу помочь в следующей ситуации. В 2019 году взял кредит на 700 000 рублей под 19% годовых. Переплата оказалась колоссальной. В 2021 году сделал рефинансирование под 13%, стало немного легче. Сейчас снова хочу рефинансировать — вижу предложения под 10.5%. Но слышал, что третье рефинансирование подряд может негативно повлиять на кредитную историю. Это так?",Кредиты_и_ипотеки
как вывести деньги с брокерского счёта,Вклады_и_инвестиции
"Мне кажется, или ваша краска для волос стала хуже? Раньше держалась месяц, теперь вымывается за две недели.",Качество_товара_или_услуги
ставка по депозиту,Вклады_и_инвестиции
"Чел, зарядка от вашего бренда искрит при подключении. Это не просто брак, это опасно! Срочно реагируйте.",Качество_товара_или_услуги
ХОЧУ ОТКРЫТЬ ВКЛАД НО НЕ ЗНАЮ КУДА НАЖАТЬ В ПРИЛОЖЕНИИ ПОМОГИТЕ,Вклады_и_инвестиции
Висит на загрузке,Гейминг_и_донат
"Мебель из массива, которую я заказал, рассохлась буквально за лето. Заверяли, что дерево правильно высушено — явно соврали.",Качество_товара_или_услуги
"Добрый день. Я хотела бы рассмотреть возможность получения потребительского кредита на сумму 350 000 рублей сроком на 36 месяцев. Прошу предоставить информацию об актуальных условиях кредитования, включая эффективную процентную ставку и перечень необходимых документов для физического лица.",Кредиты_и_ипотеки
что такое ОМС и как его открыть,Вклады_и_инвестиции
"Привет! У меня небольшой аккаунт в ТикТоке — 30к подписчиков, но очень высокая вовлечённость. Делаю контент про лайфхаки для дома. Ищу бренды для нативных интеграций. Если ваш продукт для дома — пишите, сделаем классный контент вместе!",Сотрудничество_и_реклама
оформить ипотеку срочно,Кредиты_и_ипотеки
"На турнирном сервере неправильно отображается моё место в таблице лидеров. Я должен быть в топ-10, а система показывает 47-е место.",Гейминг_и_донат
Мой аккаунт был заблокирован по ошибочной жалобе другого игрока. Прошу рассмотреть апелляцию и восстановить доступ.,Гейминг_и_донат
можно ли открыть вклад без визита в банк,Вклады_и_инвестиции
"Прошу помочь оформить справку о полном погашении ипотечного кредита, нужна для снятия обременения с квартиры.",Кредиты_и_ипотеки
Реклама у вас?,Сотрудничество_и_реклама
перевести долг другой банк,Кредиты_и_ипотеки
"Купленный у вас насос для бассейна сломался в начале сезона. Прослужил всего один год, хотя гарантия три года.",Качество_товара_или_услуги
"Я давно хотел попробовать торговать на бирже, наконец решился и открыл брокерский счёт у вас две недели назад. Перевёл 50 000 рублей. Пытался купить акции через приложение, но не совсем понимаю: есть рыночная цена и лимитный ордер — в чём разница и что выбрать новичку? И ещё — как работает налог с прибыли от продажи акций, банк сам его удержит или мне надо подавать декларацию?",Вклады_и_инвестиции
ОФЗ что это значит,Вклады_и_инвестиции
"подскажите, какие паевые фонды сейчас показывают хорошую доходность?",Вклады_и_инвестиции
"Добрый день. Мы занимаемся разработкой игр для мобильных устройств. Запускаем новую игру и ищем каналы продвижения. Интересуют форматы с высоким вовлечением аудитории, а не просто показы. Есть ли у вас интерактивные форматы рекламы?",Сотрудничество_и_реклама
"Банк требует страхование жизни для выдачи кредита, я отказался — теперь отказали и в кредите. Законно ли это?",Кредиты_и_ипотеки
"Добрый день. Мы молодая команда и запускаем маркетплейс для фермерских продуктов. Хотим найти медиапартнёра, разделяющего нашу миссию — поддержку местных производителей и здорового питания. Рассчитываем не просто на рекламу, а на настоящее партнёрство с общими ценностями.",Сотрудничество_и_реклама
"Вчера ночью кто-то получил доступ к моему игровому профилю. Утром обнаружил, что весь игровой баланс потрачен, часть предметов передана другим игрокам, а пароль изменён. Почту для восстановления тоже поменяли. Действовал явно не я. Прошу срочно заблокировать аккаунт и помочь с его восстановлением.",Гейминг_и_донат
есть ли у вас фонд на российские акции,Вклады_и_инвестиции
"Здравствуйте! Представляю компанию по производству умных устройств для мониторинга здоровья. Наш продукт — носимый датчик, который анализирует ключевые показатели здоровья в реальном времени. Ищем площадки для продвижения среди аудитории, заинтересованной в превентивной медицине и ЗОЖ. Пришлите, пожалуйста, ваш медиакит.",Сотрудничество_и_реклама
Ваш сервис по подбору персонала предоставил кандидата без заявленного опыта. Потратили время на онбординг впустую.,Качество_товара_или_услуги
"Нас интересует спонсорство ваших мероприятий. Скажите, какие ивенты планируются и какие спонсорские пакеты доступны?",Сотрудничество_и_реклама
реструктуризация долга,Кредиты_и_ипотеки
"Здравствуйте! Представляю маркетинговое агентство. Один из наших клиентов хочет запустить масштабную имиджевую кампанию. Ваш ресурс входит в шорт-лист площадок. Можем ли мы получить ваш медиакит, данные по аудитории и условия размещения для подготовки предложения клиенту?",Сотрудничество_и_реклама
Товар бракованный,Качество_товара_или_услуги
"Добрый день! Мы — российский производитель электросамокатов. Хотим запустить рекламную кампанию перед тёплым сезоном. Ищем площадки с активной, молодой аудиторией, увлечённой городской мобильностью и технологиями. Пришлите условия.",Сотрудничество_и_реклама
"ХОТИМ РАЗМЕСТИТЬ РЕКЛАМУ СРОЧНО!!! У нас новый продукт, нужен охват. КАК С ВАМИ СВЯЗАТЬСЯ???",Сотрудничество_и_реклама
"Уважаемые коллеги, пишу вам по вопросу досрочного погашения ипотечного кредита за счёт средств, вырученных от продажи ценных бумаг. Хочу внести единовременно сумму около 1.8 миллиона рублей и полностью закрыть долг. Прошу подтвердить точную сумму к погашению на дату 15 следующего месяца с учётом всех начисленных процентов и возможных комиссий.",Кредиты_и_ипотеки
Не могу привязать новую карту к аккаунту — форма оплаты выдаёт ошибку на последнем шаге. Пробовал разные браузеры.,Гейминг_и_донат
не пришли кристаллы за просмотр рекламы,Гейминг_и_донат
"Служба доставки помяла коробку, и внутри оказался повреждённый товар. Приму замену или компенсацию.",Качество_товара_или_услуги
Техподдержка не отвечает,Гейминг_и_донат
"Привет! Я студентка, накопила немного денег на подработках и хочу их куда-нибудь вложить, чтобы не лежали мёртвым грузом. Подруга посоветовала открыть ИИС и купить облигации. Честно говоря, я вообще не разбираюсь в этой теме — объясните пожалуйста, с чего начать и какая минимальная сумма нужна, чтобы это имело смысл?",Вклады_и_инвестиции
"Пожалуйста объясните вашу политику возврата. Могу ли я вернуть деньги за игру, если она мне не понравилась, а прошло всего 3 дня?",Гейминг_и_донат
"хэй, у меня вопрос по ИИС. я уже три года назад открыл счёт, положил деньги, купил акции, но ни разу не оформлял налоговый вычет тип А. говорят, что можно получить вычет сразу за три года? это правда? как это сделать и не пропустил ли я срок подачи декларации за первый год?",Вклады_и_инвестиции
"Пытаюсь зайти в аккаунт уже третий день — пишет неверный пароль, хотя я его не менял. Восстановление на почту не приходит.",Гейминг_и_донат
Наш стартап запускает новый продукт. Можно ли разместить пресс-релиз на вашем ресурсе и какова стоимость?,Сотрудничество_и_реклама
как получить справку о доходах по вкладу,Вклады_и_инвестиции
Мне очень важно получить помощь как можно скорее. Мой ребёнок случайно совершил несколько покупок в игре с моей карты *7890 на общую сумму около 3000 рублей. Я не давал разрешения на эти операции. Прошу помочь с возвратом средств.,Гейминг_и_донат
риски инвестирования в акции объясните,Вклады_и_инвестиции
Взял в аренду электросамокат через ваше приложение. Тормоза срабатывали с задержкой — это прямая угроза безопасности.,Качество_товара_или_услуги
"Почему процент по кредиту на сайте один, а в предложении для меня другой?",Кредиты_и_ипотеки
"Приобрёл абонемент на бассейн. Вода мутная, оборудование для плавания в плохом состоянии. Условия не соответствуют стоимости.",Качество_товара_или_услуги
"Короче, заказал пауэрбанк, он не заряжает телефон вообще. Ни один кабель не помог. Это реально не рабочая вещь.",Качество_товара_или_услуги
"могу ли я получать проценты по вкладу ежеквартально, а не ежемесячно?",Вклады_и_инвестиции
"Купил протеиновое питание, открыл пакет — запах прогорклый, явно испорченный продукт. Срок годности формально не истёк.",Качество_товара_или_услуги
"Приветствую. Хочу обратить внимание на некорректную работу вашего сервиса. На прошлой неделе я подал заявку на открытие вклада онлайн, деньги списались с карты, но счёт так и не появился в приложении. Прошло уже 5 рабочих дней. Позвонил на горячую линию — обещали перезвонить, но никто не перезвонил. Прошу срочно разобраться с ситуацией и либо открыть счёт, либо вернуть средства.",Вклады_и_инвестиции
кредит одобрили но сумма меньше,Кредиты_и_ипотеки
"хочу копить на пенсию, какой инструмент посоветуете: ИИС, НПФ или что-то другое?",Вклады_и_инвестиции
как проверить начисление процентов по вкладу,Вклады_и_инвестиции
"На моём аккаунте проводились транзакции, которые я не совершал. Прошу проверить историю операций и обезопасить профиль.",Гейминг_и_донат
"Юридическая консультация, оплаченная у вас, оказалась бесполезной: специалист не знал актуального законодательства по моему вопросу.",Качество_товара_или_услуги
Добрый день! Мы хотели бы обсудить возможность размещения таргетированной рекламы в вашей email-рассылке.,Сотрудничество_и_реклама
увеличить лимит по кредиту,Кредиты_и_ипотеки
"Добрый день! Мы — сервис доставки цветов. Хотим организовать совместную акцию к ближайшему праздничному сезону. Предлагаем промокод на скидку для вашей аудитории, взамен просим разместить рекламный пост. Взаимовыгодно и быстро. Готовы к переговорам!",Сотрудничество_и_реклама
расскажите подробнее про накопительное страхование жизни как инвестицию.,Вклады_и_инвестиции
"Добрый вечер. Я пенсионер, 67 лет. Хочу купить небольшую квартиру — однушку в пригороде — для сдачи в аренду. Планирую взять ипотеку на сумму около 1.5 миллиона рублей. Понимаю что возраст большой, но пенсия стабильная плюс дополнительный доход. Рассмотрите ли вы мою заявку и до какого возраста дают ипотеку в вашем банке?",Кредиты_и_ипотеки
МЫ ХОТИМ СОТРУДНИЧАТЬ С ВАМИ! ОТВЕТЬТЕ ПОЖАЛУЙСТА ОЧЕНЬ ЖДЁМ ВАШЕГО ОТВЕТА УЖЕ НЕДЕЛЮ,Сотрудничество_и_реклама
"Меня зовут Иван И., и я хочу подробно изложить свою проблему. Около месяца назад у меня украли аккаунт — злоумышленник сменил почту и пароль. Я немедленно обратился в поддержку, предоставил все доказательства того, что аккаунт мой: скрины чеков на покупки, историю входов, первый никнейм. Мне сказали, что аккаунт восстановят в течение 14 рабочих дней. Прошёл уже 21 день, а ситуация не изменилась. Аккаунт всё ещё недоступен, а злоумышленник явно продолжает им пользоваться. Прошу срочно принять меры.",Гейминг_и_донат
"Очень хочу свою квартиру, но боюсь брать ипотеку на 25 лет — это же почти вся жизнь. Расскажите как это работает.",Кредиты_и_ипотеки
"Здравствуйте. Я предприниматель, открываю сервис по ремонту бытовой техники с выездом на дом. Хочу сообщить о запуске жителям нашего города. Есть ли у вас геотаргетинг и какова минимальная стоимость кампании с охватом конкретного города?",Сотрудничество_и_реклама
Баланс не пополнился,Гейминг_и_донат
доходность инвестиций упала,Вклады_и_инвестиции
"Ситуация такая: у меня было два вклада в вашем банке на общую сумму 2,3 миллиона рублей. Я знаю, что система страхования АСВ покрывает только 1,4 миллиона в одном банке. Теперь беспокоюсь — не слишком ли рискованно держать такую сумму у вас? Стоит ли мне разделить вклады и часть перенести в другой банк, или вы можете предложить какое-то альтернативное решение для защиты средств?",Вклады_и_инвестиции
"Привет! Я делаю авторские торты на заказ и хочу рассказать о себе больше людей. Работаю из дома, Instagram веду, но хочется большего охвата. Подскажите, есть ли у вас что-то доступное по цене для маленького домашнего бизнеса?",Сотрудничество_и_реклама
Приобрёл франшизу и начал работу по вашим стандартам. Обучающие материалы устарели на несколько лет и не соответствуют рынку.,Качество_товара_или_услуги
"Привет, я инфлюенсер в нише путешествий. Есть аудитория около 45к в инстаграме и ютубе суммарно. Хочу найти бренды для долгосрочного сотрудничества — надоели разовые интеграции. Ищу партнёра, чьи ценности совпадают с моим контентом: приключения, аутентичный опыт, экотуризм. Если вы такие — напишите!",Сотрудничество_и_реклама
БРАК ПОЛНЫЙ. ПЕРЕСТАЛО РАБОТАТЬ НА ВТОРОЙ ДЕНЬ. ПОЗОР ВАШЕЙ КОМПАНИИ,Качество_товара_или_услуги
хочу закрыть ипотеку маткапом как это оформить через вас,Кредиты_и_ипотеки
"Купил кофемашну, она не варит нормальный кофе, вкус отвратительны",Качество_товара_или_услуги
"ребят помогите пожалуйста, я подарил другу набор за 600 монет, у меня монеты списались но он говорит что ничего не получил, мы оба в панике, как это решить??",Гейминг_и_донат
"Ставку по ипотеке сказали одну, а в договоре написали другую. Это обман?",Кредиты_и_ипотеки
Привет! Мы стартап в области агротеха. Разрабатываем умные системы для мониторинга урожая. Ищем медиапартнёров для продвижения среди фермеров и агробизнеса. Возможно ли сотрудничество с нишевым бизнесом такого профиля?,Сотрудничество_и_реклама
"Есть ли у вас программа рефинансирования для ипотек, взятых в других банках?",Кредиты_и_ипотеки
"хочу вложить сбережения в евро, какие у вас валютные вклады?",Вклады_и_инвестиции
"Добрый день! Хотим разместить у вас видеорекламу. Мы производим системы умного дома. Ролик уже готов, он информативный и красиво сделан. Подскажите технические требования к видео и условия размещения.",Сотрудничество_и_реклама
Совместный проект предлагаем,Сотрудничество_и_реклама
"у меня вклад на 3 года, могу ли я снять часть суммы без штрафа?",Вклады_и_инвестиции
"Скажите, если я рефинансирую ипотеку, потеряю ли я право на налоговый вычет с процентов?",Кредиты_и_ипотеки
Исполнение работы отвратительное,Качество_товара_или_услуги
можно ли взять ипотеку повторно,Кредиты_и_ипотеки
"Ну это совсем не ок — купила туш для ресниц, она осыпается через час. Это же базовая функция косметики, ребят.",Качество_товара_или_услуги
"Страховку по кредиту навязали при оформлении, хочу от неё отказаться, что для этого нужно сделать?",Кредиты_и_ипотеки
"Уважаемые сотрудники банка, обращаюсь к вам в связи с необходимостью реструктуризации имеющейся задолженности по кредитному договору № *** от января 2022 года. В связи с ухудшением моего финансового положения прошу рассмотреть вопрос об изменении графика платежей и снижении ежемесячной нагрузки.",Кредиты_и_ипотеки
"Доброе утро! Мы с партнёром открыли онлайн-школу программирования для детей и подростков. Уже несколько месяцев работаем, есть первые успехи и хорошие отзывы. Теперь хотим масштабироваться. Видели, что вы работаете с образовательными проектами. Хотели бы обсудить возможность долгосрочного сотрудничества: регулярные упоминания в контенте, участие в ваших тематических подборках, может быть, совместный образовательный марафон. Напишите, пожалуйста, актуален ли такой формат и к кому обратиться.",Сотрудничество_и_реклама
"Эй, я купил скин за 300 монет а он не появился в инвентаре!! уже прошло полчаса это норм вообще?? жду ответа",Гейминг_и_донат
портфель ценных бумаг составить,Вклады_и_инвестиции
"Прочитал про дальневосточную ипотеку под 2%, мне 28 лет, подхожу ли?",Кредиты_и_ипотеки
